symbol,status,role,agency,adapter,provider_series_id,frequency,units_raw,units_display,fmt,scale,oldest,newest,count,vintage_rows,na,latest_value,latest_flag,latest_available_at_et,latest_first_available_at_et,latest_method,source_published_at_et,pit_V,pit_U,pit_L,pit_X,revision_type,validation,currentness,expected_period,currentness_reason,calendar_key,derivation_inputs
USCPI,enabled,member,U.S. Bureau of Labor Statistics,bls,CUSR0000SA0,M,Index 1982-84=100,index,num3,1,2017-01-01,2026-08-01,116,116,1,334.131,,2026-09-25 08:30 ET,2026-09-25 08:30 ET,rule,,0,0,116,0,seasonal_factor_revision,no rejections,CURRENT,2026-08-01,2026-08 held; event bls:cpi 2026-09-11 08:30 ET [time_configured/configured],bls:cpi,
USCPINSA,enabled,member,U.S. Bureau of Labor Statistics,bls,CUUR0000SA0,M,Index 1982-84=100,index,num3,1,2017-01-01,2026-08-01,116,116,1,334.98,,2026-09-25 08:30 ET,2026-09-25 08:30 ET,rule,,0,116,0,0,none,no rejections,CURRENT,2026-08-01,2026-08 held; event bls:cpi 2026-09-11 08:30 ET [time_configured/configured],bls:cpi,
USCORECPI,enabled,member,U.S. Bureau of Labor Statistics,bls,CUSR0000SA0L1E,M,Index 1982-84=100,index,num3,1,2017-01-01,2026-08-01,116,116,1,337.765,,2026-09-25 08:30 ET,2026-09-25 08:30 ET,rule,,0,0,116,0,seasonal_factor_revision,no rejections,CURRENT,2026-08-01,2026-08 held; event bls:cpi 2026-09-11 08:30 ET [time_configured/configured],bls:cpi,
USCORECPINSA,enabled,member,U.S. Bureau of Labor Statistics,bls,CUUR0000SA0L1E,M,Index 1982-84=100,index,num3,1,2017-01-01,2026-08-01,116,116,1,338.041,,2026-09-25 08:30 ET,2026-09-25 08:30 ET,rule,,0,116,0,0,none,no rejections,CURRENT,2026-08-01,2026-08 held; event bls:cpi 2026-09-11 08:30 ET [time_configured/configured],bls:cpi,
USCPIYOY,enabled,member,UCT (derived from BLS),derived,yoy_pct(USCPINSA),M,Percent,%,pct1,1,2018-01-01,2026-08-01,104,104,1,3.3965478924364856,,2026-09-25 08:30 ET,2026-09-25 08:30 ET,derived:yoy_pct@1,,0,104,0,0,none,no rejections,CURRENT,2026-08-01,2026-08 held; event bls:cpi 2026-09-11 08:30 ET [time_configured/configured],bls:cpi,USCPINSA
USCPIMOM,enabled,member,UCT (derived from BLS),derived,mom_pct(USCPI),M,Percent,%,pct1,1,2017-02-01,2026-08-01,115,115,2,0.3960181843858157,,2026-09-25 08:30 ET,2026-09-25 08:30 ET,derived:mom_pct@1,,0,0,115,0,seasonal_factor_revision,no rejections,CURRENT,2026-08-01,2026-08 held; event bls:cpi 2026-09-11 08:30 ET [time_configured/configured],bls:cpi,USCPI
USCORECPIYOY,enabled,member,UCT (derived from BLS),derived,yoy_pct(USCORECPINSA),M,Percent,%,pct1,1,2018-01-01,2026-08-01,104,104,1,2.4459799375700753,,2026-09-25 08:30 ET,2026-09-25 08:30 ET,derived:yoy_pct@1,,0,104,0,0,none,no rejections,CURRENT,2026-08-01,2026-08 held; event bls:cpi 2026-09-11 08:30 ET [time_configured/configured],bls:cpi,USCORECPINSA
USPPIFD,enabled,member,U.S. Bureau of Labor Statistics,bls,WPSFD4,M,Index Nov 2009=100,index,num3,1,2017-01-01,2026-08-01,116,116,0,157.411,p,2026-09-25 08:30 ET,2026-09-25 08:30 ET,rule,,0,0,116,0,seasonal_factor_revision,no rejections,CURRENT,2026-08-01,2026-08 held; event bls:ppi 2026-09-10 08:30 ET [time_configured/configured],bls:ppi,
USECI,enabled,member,U.S. Bureau of Labor Statistics,bls,CIS1010000000000Q,Q,"Percent change, 3-month",%,pct1,1,2017-01-01,2026-04-01,38,38,0,0.9,,2026-08-04 08:30 ET,2026-08-04 08:30 ET,rule,,0,0,38,0,seasonal_factor_revision,no rejections,CURRENT,2026-04-01,2026Q2 held; event bls:eci 2026-07-31 08:30 ET [time_configured/configured],bls:eci,
USUNRATE,enabled,member,U.S. Bureau of Labor Statistics,bls,LNS14000000,M,Percent,%,pct1,1,2017-01-01,2026-08-01,116,116,1,4.1,,2026-09-12 08:30 ET,2026-09-12 08:30 ET,rule,,0,0,116,0,seasonal_factor_revision,no rejections,CURRENT,2026-08-01,2026-08 held; event bls:empsit 2026-09-04 08:30 ET [time_configured/configured],bls:empsit,
USNFP,enabled,member,U.S. Bureau of Labor Statistics,bls,CES0000000001,M,Thousands of jobs,persons,k_persons,1000,2017-01-01,2026-08-01,116,116,0,159075.0,p,2026-09-12 08:30 ET,2026-09-12 08:30 ET,rule,,0,0,116,0,annual_benchmark,no rejections,CURRENT,2026-08-01,2026-08 held; event bls:empsit 2026-09-04 08:30 ET [time_configured/configured],bls:empsit,
USNFPCHG,enabled,member,UCT (derived from BLS),derived,diff(USNFP),M,Thousands of jobs,persons,k_persons,1000,2017-02-01,2026-08-01,115,115,0,162.0,,2026-09-12 08:30 ET,2026-09-12 08:30 ET,derived:diff@1,,0,0,115,0,annual_benchmark,no rejections,CURRENT,2026-08-01,2026-08 held; event bls:empsit 2026-09-04 08:30 ET [time_configured/configured],bls:empsit,USNFP
USJOLTSO,enabled,member,U.S. Bureau of Labor Statistics,bls,JTS000000000000000JOL,M,Thousands,persons,k_persons,1000,2017-01-01,2026-08-01,116,117,0,7079.0,p,2026-09-29 10:00 ET,2026-09-29 10:00 ET,scheduled,,2,0,114,0,annual_benchmark,no rejections,CURRENT,2026-08-01,2026-08 held; event bls:jolts 2026-09-29 10:00 ET [time_configured/configured],bls:jolts,
USICSA,enabled,member,"U.S. Department of Labor, ETA",dol,"DOL ETA r539cy national InitialClaims/SA (history XML) + weekly news release 'Initial Claims (SA)' (advance week, press PDF)",W/SAT,Number of claims,count,num0,1,1967-01-01,2026-09-13,3116,3116,0,197000.0,a,2026-09-25 08:30 ET,2026-09-25 08:30 ET,rule,2026-09-24 08:30 ET,0,0,3116,0,seasonal_factor_revision,no rejections,CURRENT,2026-09-13,2026-09-19 held; event dol:claims 2026-09-24 08:30 ET [rule/rule],dol:claims,
USGDP,enabled,member,U.S. Bureau of Economic Analysis,bea,NIPA T10105 L1 (A191RC),Q,"Millions USD, SAAR",USD,usd_compact,1000000,1947-01-01,2026-04-01,318,318,0,32486066.0,,2026-08-01 08:30 ET,2026-08-01 08:30 ET,rule,2026-08-26 08:30 ET,0,0,318,0,comprehensive,no rejections,CURRENT,2026-04-01,2026Q2/rev1 held; event bea:gdp 2026-08-26 08:30 ET [exact/authoritative_feed],bea:gdp,
USRGDP,enabled,member,U.S. Bureau of Economic Analysis,bea,NIPA T10106 L1 (A191RX),Q,"Millions chained 2017 USD, SAAR",USD,usd_compact,1000000,1947-01-01,2026-04-01,318,318,0,24269613.0,,2026-08-01 08:30 ET,2026-08-01 08:30 ET,rule,2026-08-26 08:30 ET,0,0,318,0,comprehensive,no rejections,CURRENT,2026-04-01,2026Q2/rev1 held; event bea:gdp 2026-08-26 08:30 ET [exact/authoritative_feed],bea:gdp,
USRGDPQA,enabled,member,U.S. Bureau of Economic Analysis,bea,NIPA T10101 L1 (A191RL),Q,"Percent, annualized",%,pct1,1,1947-04-01,2026-04-01,317,317,0,1.5,,2026-08-01 08:30 ET,2026-08-01 08:30 ET,rule,2026-08-26 08:30 ET,0,0,317,0,comprehensive,no rejections,CURRENT,2026-04-01,2026Q2/rev1 held; event bea:gdp 2026-08-26 08:30 ET [exact/authoritative_feed],bea:gdp,
USPCEPI,enabled,member,U.S. Bureau of Economic Analysis,bea,NIPA T20804 L1 (DPCERG),M,Index 2017=100,index,num3,1,1959-01-01,2026-07-01,811,811,0,131.659,,2026-09-04 08:30 ET,2026-09-04 08:30 ET,rule,2026-08-26 08:30 ET,0,0,811,0,comprehensive,no rejections,CURRENT,2026-07-01,2026-07 held; event bea:pio 2026-08-26 08:30 ET [exact/authoritative_feed],bea:pio,
USCOREPCE,enabled,member,U.S. Bureau of Economic Analysis,bea,NIPA T20804 L25 (DPCCRG),M,Index 2017=100,index,num3,1,1959-01-01,2026-07-01,811,811,0,130.658,,2026-09-04 08:30 ET,2026-09-04 08:30 ET,rule,2026-08-26 08:30 ET,0,0,811,0,comprehensive,no rejections,CURRENT,2026-07-01,2026-07 held; event bea:pio 2026-08-26 08:30 ET [exact/authoritative_feed],bea:pio,
USPCEPIYOY,enabled,member,UCT (derived from BEA),derived,yoy_pct(USPCEPI),M,Percent,%,pct1,1,1960-01-01,2026-07-01,799,799,0,3.7011657214870874,,2026-09-04 08:30 ET,2026-09-04 08:30 ET,derived:yoy_pct@1,,0,0,799,0,comprehensive,no rejections,CURRENT,2026-07-01,2026-07 held; event bea:pio 2026-08-26 08:30 ET [exact/authoritative_feed],bea:pio,USPCEPI
USRETAIL,unverified,member,U.S. Census Bureau,census,marts/44X72/SM,M,Millions USD,USD,usd_compact,1000000,,,0,0,0,,,,,,,0,0,0,0,seasonal_factor_revision,no rejections,,,,census:marts,
USHOUST,enabled,member,U.S. Census Bureau,census,resconst/ASTARTS/TOTAL,M,"Thousands of units, SAAR",units,num0,1000,1959-01-01,2026-08-01,812,812,0,1275.0,p,2026-09-22 08:30 ET,2026-09-22 08:30 ET,rule,,0,0,812,0,seasonal_factor_revision,no rejections,CURRENT,2026-08-01,2026-08 held; event census:resconst 2026-09-17 08:30 ET [exact/authoritative_page],census:resconst,
USDURGOODS,enabled,member,U.S. Census Bureau,census,m3/MDM/NO,M,Millions USD,USD,usd_compact,1000000,1992-02-01,2026-08-01,415,415,0,338604.0,a,2026-09-28 22:41 ET,2026-09-28 22:41 ET,rule,,0,0,415,0,seasonal_factor_revision,no rejections,CURRENT,2026-08-01,2026-08 held; event census:m3adv 2026-09-25 08:30 ET [exact/authoritative_page],census:m3adv,
USTRADEBAL,enabled,member,U.S. Census Bureau,census,ftd/BOPGS/BAL,M,Millions USD,USD,usd_compact,1000000,1994-01-01,2026-07-01,391,391,0,-88576.0,,2026-09-11 08:30 ET,2026-09-11 08:30 ET,rule,,0,0,391,0,seasonal_factor_revision,no rejections,CURRENT,2026-07-01,2026-07 held; event census:ft900 2026-09-03 08:30 ET [exact/authoritative_page],census:ft900,
UST2Y,enabled,member,Board of Governors of the Federal Reserve System,fed_ddp,H15/H15/RIFLGFCY02_N.B,D,Percent,%,pct2,1,1976-06-01,2026-09-25,13129,13129,552,4.81,,2026-09-28 16:15 ET,2026-09-28 16:15 ET,rule,,0,13129,0,0,none,no rejections,CURRENT,2026-09-25,2026-09-25 held; event fed:h15 2026-09-28 16:15 ET [rule/rule],fed:h15,
UST10Y,enabled,member,Board of Governors of the Federal Reserve System,fed_ddp,H15/H15/RIFLGFCY10_N.B,D,Percent,%,pct2,1,1962-01-02,2026-09-25,16889,16889,720,5.17,,2026-09-28 16:15 ET,2026-09-28 16:15 ET,rule,,0,16889,0,0,none,no rejections,CURRENT,2026-09-25,2026-09-25 held; event fed:h15 2026-09-28 16:15 ET [rule/rule],fed:h15,
UST10Y2Y,enabled,member,UCT (derived from Treasury/H.15),derived,"spread(UST10Y, UST2Y)",D,Percentage points,pp,pp2,1,1976-06-01,2026-09-25,13129,13129,552,0.3600000000000003,,2026-09-28 16:15 ET,2026-09-28 16:15 ET,derived:spread@1,,0,13129,0,0,none,no rejections,CURRENT,2026-09-25,2026-09-25 held; event fed:h15 2026-09-28 16:15 ET [rule/rule],fed:h15,"UST10Y,UST2Y"
USFEDBAL,enabled,member,Board of Governors of the Federal Reserve System,fed_ddp,H41/H41/RESPPMA_N.WW,W/WED,Millions USD,USD,usd_compact,1000000,2002-12-12,2026-09-17,1241,1241,0,6747704.0,,2026-09-25 16:30 ET,2026-09-25 16:30 ET,rule,,0,1241,0,0,none,no rejections,CURRENT,2026-09-17,2026-09-23 held; event fed:h41 2026-09-24 16:30 ET [rule/rule],fed:h41,
USM2,enabled,member,Board of Governors of the Federal Reserve System,fed_ddp,H6/H6_M2/M2.M,M,Billions USD,USD,usd_compact,1000000000,1959-01-01,2026-08-01,812,812,0,23342.8,,2026-09-28 22:40 ET,2026-09-28 22:40 ET,rule,,0,0,812,0,seasonal_factor_revision,no rejections,CURRENT,2026-08-01,2026-08 held; event fed:h6 2026-09-22 13:00 ET [rule/rule],fed:h6,
USINDPRO,enabled,member,Board of Governors of the Federal Reserve System,fed_ddp,G17/IP_MARKET_GROUPS/IP.B50001.S,M,Index 2017=100,index,num1,1,1919-01-01,2026-08-01,1292,1292,0,103.0682,,2026-09-20 09:15 ET,2026-09-20 09:15 ET,rule,,0,0,1292,0,annual_benchmark,no rejections,CURRENT,2026-08-01,2026-08 held; event fed:g17 2026-09-18 09:15 ET [exact/configured],fed:g17,
USEFFR,enabled,member,Federal Reserve Bank of New York,nyfed,/api/rates/unsecured/effr (percentRate),D,Percent,%,pct2,1,2016-03-01,2026-09-28,2658,2658,0,3.88,,2026-09-29 09:00 ET,2026-09-29 09:00 ET,scheduled,,1,0,2657,0,minor_routine,no rejections,CURRENT,2026-09-28,2026-09-28 held; event nyfed:effr 2026-09-29 09:00 ET [rule/rule],nyfed:effr,
USFEDFUNDSU,enabled,member,Federal Reserve Bank of New York,nyfed,/api/rates/unsecured/effr (targetRateTo),D,Percent,%,pct2,1,2008-12-16,2026-09-28,4468,4468,0,4.0,,2026-09-29 09:00 ET,2026-09-29 09:00 ET,scheduled,,1,4467,0,0,none,no rejections,CURRENT,2026-09-28,2026-09-28 held; event nyfed:effr 2026-09-29 09:00 ET [rule/rule],nyfed:effr,
USFEDFUNDSL,enabled,member,Federal Reserve Bank of New York,nyfed,/api/rates/unsecured/effr (targetRateFrom),D,Percent,%,pct2,1,2008-12-16,2026-09-28,4468,4468,0,3.75,,2026-09-29 09:00 ET,2026-09-29 09:00 ET,scheduled,,1,4467,0,0,none,no rejections,CURRENT,2026-09-28,2026-09-28 held; event nyfed:effr 2026-09-29 09:00 ET [rule/rule],nyfed:effr,
USSOFR,enabled,member,Federal Reserve Bank of New York,nyfed,/api/rates/secured/sofr (percentRate),D,Percent,%,pct2,1,2018-04-02,2026-09-28,2121,2121,0,3.9,,2026-09-29 08:00 ET,2026-09-29 08:00 ET,scheduled,,1,0,2120,0,minor_routine,no rejections,CURRENT,2026-09-28,2026-09-28 held; event nyfed:sofr 2026-09-29 08:00 ET [rule/rule],nyfed:sofr,
USRRP,enabled,member,Federal Reserve Bank of New York,nyfed,"/api/rp/results/search.json (Reverse Repo, Overnight, primary op: totalAmtAccepted)",D,USD,USD,usd_compact,1,2013-09-23,2026-09-28,3250,3250,0,851000000.0,,2026-09-28 14:00 ET,2026-09-28 14:00 ET,rule,,0,3250,0,0,none,no rejections,CURRENT,2026-09-28,2026-09-28 held; event nyfed:rrp 2026-09-28 13:15 ET [rule/rule],nyfed:rrp,
USEMPIRE,enabled,member,Federal Reserve Bank of New York,nyfed_esms,esms_seasonallyadjusted_diffusion.csv:GACDISA,M,Diffusion index,index,num1,1,2001-07-01,2026-09-01,303,303,0,7.6,,2026-09-18 08:30 ET,2026-09-18 08:30 ET,rule,,0,0,303,0,seasonal_factor_revision,no rejections,CURRENT,2026-09-01,2026-09 held; event nyfed:esms 2026-09-15 08:30 ET [exact/configured],nyfed:esms,
USDEBT,enabled,member,"U.S. Treasury, Bureau of the Fiscal Service",fiscaldata,v2/accounting/od/debt_to_penny : tot_pub_debt_out_amt,D,USD,USD,usd_compact,1,1993-04-01,2026-09-25,8401,8401,0,40097178119750.91,,2026-09-28 17:00 ET,2026-09-28 17:00 ET,rule,,0,8401,0,0,none,no rejections,CURRENT,2026-09-25,2026-09-25 held; event fiscal:dtp 2026-09-28 16:15 ET [rule/rule],fiscal:dtp,
USTGA,enabled,member,"U.S. Treasury, Bureau of the Fiscal Service",fiscaldata,"v1/accounting/dts/operating_cash_balance : account_type='Treasury General Account (TGA) Closing Balance', value in open_today_bal",D,Millions USD,USD,usd_compact,1000000,2005-10-03,2026-09-25,5271,5271,0,945290.0,,2026-09-28 17:00 ET,2026-09-28 17:00 ET,rule,,0,5271,0,0,none,no rejections,CURRENT,2026-09-25,2026-09-25 held; event fiscal:dts 2026-09-28 16:00 ET [rule/rule],fiscal:dts,
USMTSDEF,enabled,member,"U.S. Treasury, Bureau of the Fiscal Service",fiscaldata,v1/accounting/mts/mts_table_1 : current_month_dfct_sur_amt (record_type_cd=MTH; month = classification_desc under parent 'FY yyyy'; newest report wins),M,USD,USD,usd_compact,1,2013-10-01,2026-08-01,155,155,0,166796952277.38,,2026-09-15 14:00 ET,2026-09-15 14:00 ET,rule,,0,0,155,0,annual_benchmark,no rejections,CURRENT,2026-08-01,2026-08 held; event fiscal:mts 2026-09-11 14:00 ET [rule/rule],fiscal:mts,
USDEBTGDP,enabled,member,UCT (derived from Treasury + BEA),derived,"ratio_pct(USDEBT, USGDP)",Q,Percent of GDP,%,pct1,1,1993-04-01,2026-04-01,133,133,0,121.47484518677751,,2026-08-01 08:30 ET,2026-08-01 08:30 ET,derived:ratio_pct@1,,0,0,133,0,comprehensive,no rejections,CURRENT,2026-04-01,2026Q2/rev1 held; event bea:gdp 2026-08-26 08:30 ET [exact/authoritative_feed],bea:gdp,"USDEBT,USGDP"
USCRUDEINV,enabled,member,U.S. Energy Information Administration,eia,PET.WCESTUS1.W,W/FRI,Thousand barrels,bbl,mbbl,1000,1982-08-14,2026-09-12,2295,2295,0,426398.0,,2026-09-24 11:00 ET,2026-09-24 11:00 ET,rule,2026-09-23 11:48 ET,0,0,2295,0,minor_routine,no rejections,CURRENT,2026-09-12,2026-09-18 held; event eia:wpsr 2026-09-23 10:30 ET [rule/rule],eia:wpsr,
USGASPRICE,enabled,member,U.S. Energy Information Administration,eia,PET.EMM_EPMR_PTE_NUS_DPG.W,W/MON,USD per gallon,USD/gal,usd3,1,1990-08-14,2026-09-22,1885,1885,6,4.465,,2026-09-29 10:00 ET,2026-09-29 10:00 ET,scheduled,2026-09-29 08:45 ET,1,0,1884,0,minor_routine,no rejections,CURRENT,2026-09-22,2026-09-28 held; event eia:gasdiesel 2026-09-29 10:00 ET [rule/rule],eia:gasdiesel,
USFHFAHPI,enabled,member,Federal Housing Finance Agency,fhfa,"hpi_master.csv: traditional / purchase-only / monthly / 'USA or Census Division' / place_id 'USA' (place_name 'United States'), column index_sa",M,Index Jan 1991=100,index,num2,1,1991-01-01,2026-07-01,427,450,0,443.52,,2026-09-29 09:00 ET,2026-09-29 09:00 ET,scheduled,,24,0,403,0,comprehensive,no rejections,CURRENT,2026-07-01,2026-07 held; event fhfa:hpi_monthly 2026-09-29 09:00 ET [exact/configured],fhfa:hpi_monthly,
