canonical_id,symbol,display_name,category,provider,adapter,provider_id,units,frequency,seasonal_adjustment,release_semantics,observation_semantics,currentness_expectation,presentation,entitlement,revision,status,cohort,reason,state,count,oldest,newest,rows,latest_value,pit,validation,placement,placement_early_vs_archive,derived_audit,bls_history
ECON:USCPI,USCPI,CPI-U All Items (SA),Inflation & Prices,U.S. Bureau of Labor Statistics,bls,CUSR0000SA0,"Index 1982-84=100 (fmt num3, scale 1)",M,SA,"bls:cpi; Monthly, ~10th-15th (CPI release); lag {""kind"": ""period_end_plus_days"", ""days"": 25, ""time_et"": ""08:30""}",calendar month,bls:cpi (bls_2026/configured),line; max_age_days 45,paid (require_bars_access -> meets_plan_gate; the one bars gate),seasonal_factor_revision,enabled,True,,CURRENT,356,1997-01-01,2026-08-01,356,334.131,L:356,rejects 0; leaks 0,conservative:17 reconstructed:339,0,clean,
ECON:USCPINSA,USCPINSA,CPI-U All Items (NSA),Inflation & Prices,U.S. Bureau of Labor Statistics,bls,CUUR0000SA0,"Index 1982-84=100 (fmt num3, scale 1)",M,NSA,"bls:cpi; Monthly, ~10th-15th (CPI release); lag {""kind"": ""period_end_plus_days"", ""days"": 25, ""time_et"": ""08:30""}",calendar month,bls:cpi (bls_2026/configured),line; max_age_days 45,paid (require_bars_access -> meets_plan_gate; the one bars gate),none,enabled,True,,CURRENT,356,1997-01-01,2026-08-01,356,334.98,L:8 U:348,rejects 0; leaks 0,conservative:17 reconstructed:339,0,clean,
ECON:USCORECPI,USCORECPI,Core CPI: All Items Less Food & Energy (SA),Inflation & Prices,U.S. Bureau of Labor Statistics,bls,CUSR0000SA0L1E,"Index 1982-84=100 (fmt num3, scale 1)",M,SA,"bls:cpi; Monthly, ~10th-15th (CPI release); lag {""kind"": ""period_end_plus_days"", ""days"": 25, ""time_et"": ""08:30""}",calendar month,bls:cpi (bls_2026/configured),line; max_age_days 45,paid (require_bars_access -> meets_plan_gate; the one bars gate),seasonal_factor_revision,enabled,True,,CURRENT,356,1997-01-01,2026-08-01,356,337.765,L:356,rejects 0; leaks 0,conservative:17 reconstructed:339,0,clean,
ECON:USCPIYOY,USCPIYOY,CPI YoY % (headline),Inflation & Prices,UCT (derived from BLS),derived,"{""op"": ""yoy_pct"", ""inputs"": [""USCPINSA""], ""params"": {}, ""version"": 1}","Percent (fmt pct1, scale 1)",M,NSA-based,"bls:cpi; On parent update; lag {""kind"": ""derived"", ""days"": null, ""time_et"": null}",calendar month,bls:cpi (bls_2026/configured),line; max_age_days 45,paid (require_bars_access -> meets_plan_gate; the one bars gate),none,enabled,True,,CURRENT,344,1998-01-01,2026-08-01,344,3.39655,L:10 U:334,rejects 0; leaks 0,derived:344,0,clean,
ECON:USCPIMOM,USCPIMOM,"CPI MoM % (headline, SA)",Inflation & Prices,UCT (derived from BLS),derived,"{""op"": ""mom_pct"", ""inputs"": [""USCPI""], ""params"": {}, ""version"": 1}","Percent (fmt pct1, scale 1)",M,SA-based,"bls:cpi; On parent update; lag {""kind"": ""derived"", ""days"": null, ""time_et"": null}",calendar month,bls:cpi (bls_2026/configured),histogram; max_age_days 45,paid (require_bars_access -> meets_plan_gate; the one bars gate),seasonal_factor_revision,enabled,True,,CURRENT,355,1997-02-01,2026-08-01,355,0.396018,L:355,rejects 0; leaks 0,derived:355,0,clean,
ECON:USCORECPIYOY,USCORECPIYOY,Core CPI YoY %,Inflation & Prices,UCT (derived from BLS),derived,"{""op"": ""yoy_pct"", ""inputs"": [""USCORECPINSA""], ""params"": {}, ""version"": 1}","Percent (fmt pct1, scale 1)",M,NSA-based,"bls:cpi; On parent update; lag {""kind"": ""derived"", ""days"": null, ""time_et"": null}",calendar month,bls:cpi (bls_2026/configured),line; max_age_days 45,paid (require_bars_access -> meets_plan_gate; the one bars gate),none,enabled,True,,CURRENT,344,1998-01-01,2026-08-01,344,2.44598,L:10 U:334,rejects 0; leaks 0,derived:344,0,clean,
ECON:USPPIFD,USPPIFD,PPI Final Demand (SA),Inflation & Prices,U.S. Bureau of Labor Statistics,bls,WPSFD4,"Index Nov 2009=100 (fmt num3, scale 1)",M,SA,"bls:ppi; Monthly, ~day after CPI; lag {""kind"": ""period_end_plus_days"", ""days"": 25, ""time_et"": ""08:30""}",calendar month,bls:ppi (bls_2026/configured),line; max_age_days 45,paid (require_bars_access -> meets_plan_gate; the one bars gate),seasonal_factor_revision,enabled,True,,CURRENT,202,2009-11-01,2026-08-01,202,157.411,L:202,rejects 0; leaks 0,reconstructed:202,0,clean,
ECON:USECI,USECI,"Employment Cost Index: Total Comp, Civilian (3-mo % chg, SA)",Employment & Labor,U.S. Bureau of Labor Statistics,bls,CIS1010000000000Q,"Percent change, 3-month (fmt pct1, scale 1)",Q,SA,"bls:eci; Quarterly, ~last business day of month after quarter; lag {""kind"": ""period_end_plus_days"", ""days"": 35, ""time_et"": ""08:30""}",calendar quarter,bls:eci (bls_2026/configured),histogram; max_age_days 120,paid (require_bars_access -> meets_plan_gate; the one bars gate),seasonal_factor_revision,enabled,True,,CURRENT,102,2001-01-01,2026-04-01,102,0.9,L:102,rejects 0; leaks 0,reconstructed:102,0,clean,
ECON:USUNRATE,USUNRATE,Unemployment Rate (U-3),Employment & Labor,U.S. Bureau of Labor Statistics,bls,LNS14000000,"Percent (fmt pct1, scale 1)",M,SA,"bls:empsit; Monthly, usually 1st Friday; lag {""kind"": ""period_end_plus_days"", ""days"": 12, ""time_et"": ""08:30""}",calendar month,bls:empsit (bls_2026/configured),line; max_age_days 45,paid (require_bars_access -> meets_plan_gate; the one bars gate),seasonal_factor_revision,enabled,True,,CURRENT,356,1997-01-01,2026-08-01,356,4.1,L:356,rejects 0; leaks 0,conservative:17 reconstructed:339,0,clean,
ECON:USNFP,USNFP,"Nonfarm Payrolls (Total, level)",Employment & Labor,U.S. Bureau of Labor Statistics,bls,CES0000000001,"Thousands of jobs (fmt k_persons, scale 1000)",M,SA,"bls:empsit; Monthly, usually 1st Friday; lag {""kind"": ""period_end_plus_days"", ""days"": 12, ""time_et"": ""08:30""}",calendar month,bls:empsit (bls_2026/configured),line; max_age_days 45,paid (require_bars_access -> meets_plan_gate; the one bars gate),annual_benchmark,enabled,True,,CURRENT,356,1997-01-01,2026-08-01,356,159075,L:356,rejects 0; leaks 0,conservative:17 reconstructed:339,0,clean,
ECON:USNFPCHG,USNFPCHG,Nonfarm Payrolls Monthly Change,Employment & Labor,UCT (derived from BLS),derived,"{""op"": ""diff"", ""inputs"": [""USNFP""], ""params"": {""n"": 1}, ""version"": 1}","Thousands of jobs (fmt k_persons, scale 1000)",M,SA-based,"bls:empsit; On parent update; lag {""kind"": ""derived"", ""days"": null, ""time_et"": null}",calendar month,bls:empsit (bls_2026/configured),histogram; max_age_days 45,paid (require_bars_access -> meets_plan_gate; the one bars gate),annual_benchmark,enabled,True,,CURRENT,355,1997-02-01,2026-08-01,355,162,L:355,rejects 0; leaks 0,derived:355,0,clean,
ECON:USJOLTSO,USJOLTSO,JOLTS Job Openings (level),Employment & Labor,U.S. Bureau of Labor Statistics,bls,JTS000000000000000JOL,"Thousands (fmt k_persons, scale 1000)",M,SA,"bls:jolts; Monthly, ~5-6 wks after ref month; lag {""kind"": ""period_end_plus_days"", ""days"": 45, ""time_et"": ""10:00""}",calendar month,bls:jolts (bls_2026/configured),line; max_age_days 45,paid (require_bars_access -> meets_plan_gate; the one bars gate),annual_benchmark,enabled,True,,CURRENT,309,2000-12-01,2026-08-01,309,7079,L:309,rejects 0; leaks 0,conservative:39 reconstructed:270,0,clean,
ECON:USICSA,USICSA,Initial Jobless Claims (SA),Employment & Labor,"U.S. Department of Labor, ETA",dol,"DOL ETA r539cy national InitialClaims/SA (history XML) + weekly news release 'Initial Claims (SA)' (advance week, press PDF)","Number of claims (fmt num0, scale 1)",W/SAT,SA,"dol:claims; Weekly, Thursday (Wed if holiday); lag {""kind"": ""period_end_plus_days"", ""days"": 6, ""time_et"": ""08:30""}","week ending SAT (period = 7 days, label = end date)",dol:claims (rule/rule),line; max_age_days 13,paid (require_bars_access -> meets_plan_gate; the one bars gate),seasonal_factor_revision,enabled,True,,CURRENT,3116,1967-01-01,2026-09-13,3116,197000,L:3116,rejects 0; leaks 0,conservative:1756 reconstructed:1360,0,clean,
ECON:USRGDP,USRGDP,"Real GDP (chained 2017 USD, SAAR)",Growth & GDP,U.S. Bureau of Economic Analysis,bea,NIPA T10106 L1 (A191RX),"Millions chained 2017 USD, SAAR (fmt usd_compact, scale 1000000)",Q,SAAR,"bea:gdp; Quarterly: advance ~30d, second ~60d, third ~90d after qtr; lag {""kind"": ""period_end_plus_days"", ""days"": 32, ""time_et"": ""08:30""}",calendar quarter,bea:gdp (bea_feed/authoritative_feed),line; max_age_days 120,paid (require_bars_access -> meets_plan_gate; the one bars gate),comprehensive,enabled,True,,CURRENT,318,1947-01-01,2026-04-01,318,2.4408e+07,L:318,rejects 0; leaks 0,conservative:316 exact:2,0,clean,
ECON:USRGDPQA,USRGDPQA,Real GDP % chg q/q SAAR (BEA-published),Growth & GDP,U.S. Bureau of Economic Analysis,bea,NIPA T10101 L1 (A191RL),"Percent, annualized (fmt pct1, scale 1)",Q,SAAR,"bea:gdp; Quarterly: advance ~30d, second ~60d, third ~90d after qtr; lag {""kind"": ""period_end_plus_days"", ""days"": 32, ""time_et"": ""08:30""}",calendar quarter,bea:gdp (bea_feed/authoritative_feed),histogram; max_age_days 120,paid (require_bars_access -> meets_plan_gate; the one bars gate),comprehensive,enabled,True,,CURRENT,317,1947-04-01,2026-04-01,317,2.2,L:317,rejects 0; leaks 0,conservative:315 exact:2,0,clean,
ECON:USPCEPI,USPCEPI,PCE Price Index,Inflation & Prices,U.S. Bureau of Economic Analysis,bea,NIPA T20804 L1 (DPCERG),"Index 2017=100 (fmt num3, scale 1)",M,SA,"bea:pio; Monthly, Personal Income & Outlays, ~last week of month; lag {""kind"": ""period_end_plus_days"", ""days"": 35, ""time_et"": ""08:30""}",calendar month,bea:pio (bea_feed/authoritative_feed),line; max_age_days 45,paid (require_bars_access -> meets_plan_gate; the one bars gate),comprehensive,enabled,True,,CURRENT,812,1959-01-01,2026-08-01,812,131.579,L:812,rejects 0; leaks 0,conservative:805 exact:7,0,clean,
ECON:USCOREPCE,USCOREPCE,Core PCE Price Index (ex food & energy),Inflation & Prices,U.S. Bureau of Economic Analysis,bea,NIPA T20804 L25 (DPCCRG),"Index 2017=100 (fmt num3, scale 1)",M,SA,"bea:pio; Monthly, Personal Income & Outlays, ~last week of month; lag {""kind"": ""period_end_plus_days"", ""days"": 35, ""time_et"": ""08:30""}",calendar month,bea:pio (bea_feed/authoritative_feed),line; max_age_days 45,paid (require_bars_access -> meets_plan_gate; the one bars gate),comprehensive,enabled,True,,CURRENT,812,1959-01-01,2026-08-01,812,130.455,L:812,rejects 0; leaks 0,conservative:805 exact:7,0,clean,
ECON:USPCEPIYOY,USPCEPIYOY,PCE Price Index YoY %,Inflation & Prices,UCT (derived from BEA),derived,"{""op"": ""yoy_pct"", ""inputs"": [""USPCEPI""], ""params"": {}, ""version"": 1}","Percent (fmt pct1, scale 1)",M,SA-based,"bea:pio; On parent update; lag {""kind"": ""derived"", ""days"": null, ""time_et"": null}",calendar month,bea:pio (bea_feed/authoritative_feed),line; max_age_days 45,paid (require_bars_access -> meets_plan_gate; the one bars gate),comprehensive,enabled,True,,CURRENT,800,1960-01-01,2026-08-01,800,3.41903,L:800,rejects 0; leaks 0,derived:800,0,clean,
ECON:USRETAIL,USRETAIL,Retail & Food Services Sales (advance),Consumer,U.S. Census Bureau,census,marts/44X72/SM,"Millions USD (fmt usd_compact, scale 1000000)",M,SA,"census:marts; Monthly, ~15th (advance retail); lag {""kind"": ""period_end_plus_days"", ""days"": 20, ""time_et"": ""08:30""}",calendar month,census:marts (census_page/authoritative_page),line; max_age_days 45,paid (require_bars_access -> meets_plan_gate; the one bars gate),seasonal_factor_revision,unverified,True,FAIL CLOSED (owner ruling 2026-09-29): econ_export/MRTS history vs advance-release table differ ~4.8% every month; basis unresolved,,0,,,0,,,rejects 0; leaks 0,,0,clean,
ECON:USHOUST,USHOUST,"Housing Starts, Total (SAAR)",Housing,U.S. Census Bureau,census,resconst/ASTARTS/TOTAL,"Thousands of units, SAAR (fmt num0, scale 1000)",M,SAAR,"census:resconst; Monthly, ~12th business day (New Residential Construction); lag {""kind"": ""period_end_plus_days"", ""days"": 22, ""time_et"": ""08:30""}",calendar month,census:resconst (census_page/authoritative_page),line; max_age_days 45,paid (require_bars_access -> meets_plan_gate; the one bars gate),seasonal_factor_revision,enabled,True,,CURRENT,812,1959-01-01,2026-08-01,812,1275,L:812,rejects 0; leaks 0,conservative:740 exact:72,0,clean,
ECON:USDURGOODS,USDURGOODS,Durable Goods New Orders (advance),Manufacturing & Business,U.S. Census Bureau,census,m3/MDM/NO,"Millions USD (fmt usd_compact, scale 1000000)",M,SA,"census:m3adv; Monthly, ~4th week (advance durable goods); lag {""kind"": ""period_end_plus_days"", ""days"": 30, ""time_et"": ""08:30""}",calendar month,census:m3adv (census_page/authoritative_page),line; max_age_days 45,paid (require_bars_access -> meets_plan_gate; the one bars gate),seasonal_factor_revision,enabled,True,,CURRENT,415,1992-02-01,2026-08-01,415,338604,L:415,rejects 0; leaks 0,conservative:346 exact:69,0,clean,
ECON:USTRADEBAL,USTRADEBAL,Trade Balance: Goods & Services (BOP basis),Trade,U.S. Census Bureau,census,ftd/BOPGS/BAL,"Millions USD (fmt usd_compact, scale 1000000)",M,SA,"census:ft900; Monthly, ~5 weeks after ref month (FT-900, joint Census/BEA); lag {""kind"": ""period_end_plus_days"", ""days"": 42, ""time_et"": ""08:30""}",calendar month,census:ft900 (census_page/authoritative_page),histogram; max_age_days 45,paid (require_bars_access -> meets_plan_gate; the one bars gate),seasonal_factor_revision,enabled,True,,CURRENT,391,1994-01-01,2026-07-01,391,-88576,L:391,rejects 0; leaks 0,conservative:314 exact:77,0,clean,
ECON:UST2Y,UST2Y,2Y Treasury Constant Maturity Yield,Rates & Fed,Board of Governors of the Federal Reserve System,fed_ddp,H15/H15/RIFLGFCY02_N.B,"Percent (fmt pct2, scale 1)",D,NSA,"fed:h15; Daily (business days); weekly H.15 release Mondays; lag {""kind"": ""business_days_after"", ""days"": 1, ""time_et"": ""16:15""}",business day (period = the day),fed:h15 (rule/rule),line; max_age_days 10,paid (require_bars_access -> meets_plan_gate; the one bars gate),none,enabled,True,,CURRENT,12578,1976-06-01,2026-09-28,12578,4.92,L:251 U:12327,rejects 0; leaks 0,conservative:5639 reconstructed:6939,0,clean,
ECON:UST10Y,UST10Y,10Y Treasury Constant Maturity Yield,Rates & Fed,Board of Governors of the Federal Reserve System,fed_ddp,H15/H15/RIFLGFCY10_N.B,"Percent (fmt pct2, scale 1)",D,NSA,"fed:h15; Daily (business days); weekly H.15 release Mondays; lag {""kind"": ""business_days_after"", ""days"": 1, ""time_et"": ""16:15""}",business day (period = the day),fed:h15 (rule/rule),line; max_age_days 10,paid (require_bars_access -> meets_plan_gate; the one bars gate),none,enabled,True,,CURRENT,16170,1962-01-02,2026-09-28,16170,5.24,L:3843 U:12327,rejects 0; leaks 0,conservative:9231 reconstructed:6939,0,clean,
ECON:UST10Y2Y,UST10Y2Y,10Y-2Y Treasury Spread,Rates & Fed,UCT (derived from Treasury/H.15),derived,"{""op"": ""spread"", ""inputs"": [""UST10Y"", ""UST2Y""], ""params"": {}, ""version"": 1}","Percentage points (fmt pp2, scale 1)",D,NSA,"fed:h15; Daily; lag {""kind"": ""derived"", ""days"": null, ""time_et"": null}",business day (period = the day),fed:h15 (rule/rule),line; max_age_days 10,paid (require_bars_access -> meets_plan_gate; the one bars gate),none,enabled,True,,CURRENT,12578,1976-06-01,2026-09-28,12578,0.32,L:251 U:12327,rejects 0; leaks 0,derived:12578,0,clean,
ECON:USFEDBAL,USFEDBAL,Fed Total Assets (Balance Sheet),Money & Liquidity,Board of Governors of the Federal Reserve System,fed_ddp,H41/H41/RESPPMA_N.WW,"Millions USD (fmt usd_compact, scale 1000000)",W/WED,NSA,"fed:h41; Weekly, Thursday (Wednesday data); lag {""kind"": ""period_end_plus_days"", ""days"": 2, ""time_et"": ""16:30""}","week ending WED (period = 7 days, label = end date)",fed:h41 (rule/rule),line; max_age_days 13,paid (require_bars_access -> meets_plan_gate; the one bars gate),none,enabled,True,,CURRENT,1241,2002-12-12,2026-09-17,1241,6.7477e+06,U:1241,rejects 0; leaks 0,exact:402 reconstructed:839,0,clean,
ECON:USM2,USM2,M2 Money Stock (SA),Money & Liquidity,Board of Governors of the Federal Reserve System,fed_ddp,H6/H6_M2/M2.M,"Billions USD (fmt usd_compact, scale 1000000000)",M,SA,"fed:h6; Monthly, ~4th Tuesday; lag {""kind"": ""period_end_plus_days"", ""days"": 30, ""time_et"": ""13:00""}",calendar month,fed:h6 (rule/rule),line; max_age_days 45,paid (require_bars_access -> meets_plan_gate; the one bars gate),seasonal_factor_revision,enabled,True,,CURRENT,812,1959-01-01,2026-08-01,812,23342.8,L:812,rejects 0; leaks 0,exact:44 reconstructed:768,0,clean,
ECON:USINDPRO,USINDPRO,"Industrial Production Index, Total",Manufacturing & Business,Board of Governors of the Federal Reserve System,fed_ddp,G17/IP_MARKET_GROUPS/IP.B50001.S,"Index 2017=100 (fmt num1, scale 1)",M,SA,"fed:g17; Monthly, ~mid-month; lag {""kind"": ""period_end_plus_days"", ""days"": 20, ""time_et"": ""09:15""}",calendar month,fed:g17 (fed_g17/configured),line; max_age_days 45,paid (require_bars_access -> meets_plan_gate; the one bars gate),annual_benchmark,enabled,True,,CURRENT,1292,1919-01-01,2026-08-01,1292,103.068,L:1292,rejects 0; leaks 0,conservative:952 exact:340,0,clean,
ECON:USEFFR,USEFFR,Effective Federal Funds Rate,Rates & Fed,Federal Reserve Bank of New York,nyfed,/api/rates/unsecured/effr (percentRate),"Percent (fmt pct2, scale 1)",D,NSA,"nyfed:effr; Daily, next business day; lag {""kind"": ""business_days_after"", ""days"": 1, ""time_et"": ""11:00""}",business day (period = the day),nyfed:effr (rule/rule),line; max_age_days 10,paid (require_bars_access -> meets_plan_gate; the one bars gate),minor_routine,enabled,True,,CURRENT,2659,2016-03-01,2026-09-29,2659,3.88,L:2659,rejects 0; leaks 0,reconstructed:2659,0,clean,
ECON:USFEDFUNDSU,USFEDFUNDSU,Fed Funds Target Range - Upper Limit,Rates & Fed,Federal Reserve Bank of New York,nyfed,/api/rates/unsecured/effr (targetRateTo),"Percent (fmt pct2, scale 1)",D,NSA,"nyfed:effr; Changes on FOMC decision; daily record; lag {""kind"": ""business_days_after"", ""days"": 1, ""time_et"": ""11:00""}",business day (period = the day),nyfed:effr (rule/rule),step; max_age_days 10,paid (require_bars_access -> meets_plan_gate; the one bars gate),none,enabled,True,,CURRENT,4469,2008-12-16,2026-09-29,4469,4,U:4469,rejects 0; leaks 0,reconstructed:4469,0,clean,
ECON:USFEDFUNDSL,USFEDFUNDSL,Fed Funds Target Range - Lower Limit,Rates & Fed,Federal Reserve Bank of New York,nyfed,/api/rates/unsecured/effr (targetRateFrom),"Percent (fmt pct2, scale 1)",D,NSA,"nyfed:effr; Changes on FOMC decision; lag {""kind"": ""business_days_after"", ""days"": 1, ""time_et"": ""11:00""}",business day (period = the day),nyfed:effr (rule/rule),step; max_age_days 10,paid (require_bars_access -> meets_plan_gate; the one bars gate),none,enabled,True,,CURRENT,4469,2008-12-16,2026-09-29,4469,3.75,U:4469,rejects 0; leaks 0,reconstructed:4469,0,clean,
ECON:USSOFR,USSOFR,Secured Overnight Financing Rate,Rates & Fed,Federal Reserve Bank of New York,nyfed,/api/rates/secured/sofr (percentRate),"Percent (fmt pct2, scale 1)",D,NSA,"nyfed:sofr; Daily, next business day; lag {""kind"": ""business_days_after"", ""days"": 1, ""time_et"": ""10:00""}",business day (period = the day),nyfed:sofr (rule/rule),line; max_age_days 10,paid (require_bars_access -> meets_plan_gate; the one bars gate),minor_routine,enabled,True,,CURRENT,2122,2018-04-02,2026-09-29,2122,3.88,L:2122,rejects 0; leaks 0,reconstructed:2122,0,clean,
ECON:USRRP,USRRP,ON RRP Facility Take-up,Money & Liquidity,Federal Reserve Bank of New York,nyfed,"/api/rp/results/search.json (Reverse Repo, Overnight, primary op: totalAmtAccepted)","USD (fmt usd_compact, scale 1)",D,NSA,"nyfed:rrp; Daily, same day; lag {""kind"": ""period_end_plus_days"", ""days"": 0, ""time_et"": ""14:00""}",business day (period = the day),nyfed:rrp (rule/rule),line; max_age_days 10,paid (require_bars_access -> meets_plan_gate; the one bars gate),none,enabled,True,,CURRENT,3251,2013-09-23,2026-09-29,3251,1.1446e+10,U:3251,rejects 0; leaks 0,reconstructed:3251,0,clean,
ECON:USEMPIRE,USEMPIRE,Empire State Manufacturing Survey: General Business Conditions,Manufacturing & Business,Federal Reserve Bank of New York,nyfed_esms,esms_seasonallyadjusted_diffusion.csv:GACDISA,"Diffusion index (fmt num1, scale 1)",M,SA,"nyfed:esms; Monthly, ~15th; lag {""kind"": ""period_start_plus_days"", ""days"": 17, ""time_et"": ""08:30""}",calendar month,nyfed:esms (nyfed_esms/configured),line; max_age_days 45,paid (require_bars_access -> meets_plan_gate; the one bars gate),seasonal_factor_revision,enabled,True,,CURRENT,303,2001-07-01,2026-09-01,303,7.6,L:303,rejects 0; leaks 0,conservative:300 exact:3,0,clean,
ECON:USDEBT,USDEBT,Total Public Debt Outstanding (Debt to the Penny),Government & Fiscal,"U.S. Treasury, Bureau of the Fiscal Service",fiscaldata,v2/accounting/od/debt_to_penny : tot_pub_debt_out_amt,"USD (fmt usd_compact, scale 1)",D,NSA,"fiscal:dtp; Daily, next business day; lag {""kind"": ""business_days_after"", ""days"": 1, ""time_et"": ""17:00""}",business day (period = the day),fiscal:dtp (rule/rule),line; max_age_days 10,paid (require_bars_access -> meets_plan_gate; the one bars gate),none,enabled,True,,CURRENT,8402,1993-04-01,2026-09-28,8402,4.01022e+13,L:3004 U:5398,rejects 0; leaks 0,conservative:76 reconstructed:8326,0,clean,
ECON:USTGA,USTGA,Treasury General Account Closing Balance (DTS),Government & Fiscal,"U.S. Treasury, Bureau of the Fiscal Service",fiscaldata,"v1/accounting/dts/operating_cash_balance : account_type='Treasury General Account (TGA) Closing Balance', value in open_today_bal","Millions USD (fmt usd_compact, scale 1000000)",D,NSA,"fiscal:dts; Daily, next business day; lag {""kind"": ""business_days_after"", ""days"": 1, ""time_et"": ""17:00""}",business day (period = the day),fiscal:dts (rule/rule),line; max_age_days 10,paid (require_bars_access -> meets_plan_gate; the one bars gate),none,enabled,True,,CURRENT,5272,2005-10-03,2026-09-28,5272,959572,U:5272,rejects 0; leaks 0,reconstructed:5272,0,clean,
ECON:USMTSDEF,USMTSDEF,Monthly Federal Deficit/Surplus (MTS),Government & Fiscal,"U.S. Treasury, Bureau of the Fiscal Service",fiscaldata,v1/accounting/mts/mts_table_1 : current_month_dfct_sur_amt (record_type_cd=MTH; month = classification_desc under parent 'FY yyyy'; newest report wins),"USD (fmt usd_compact, scale 1)",M,NSA,"fiscal:mts; Monthly, 8th business day; lag {""kind"": ""period_end_plus_days"", ""days"": 15, ""time_et"": ""14:00""}",calendar month,fiscal:mts (fiscal_feed/authoritative_feed),histogram; max_age_days 45,paid (require_bars_access -> meets_plan_gate; the one bars gate),annual_benchmark,enabled,True,,CURRENT,155,2013-10-01,2026-08-01,155,1.66797e+11,L:155,rejects 0; leaks 0,conservative:155,0,clean,
ECON:USDEBTGDP,USDEBTGDP,Total Public Debt as % of GDP (UCT-computed),Government & Fiscal,UCT (derived from Treasury + BEA),derived,"{""op"": ""ratio_pct"", ""inputs"": [""USDEBT"", ""USGDP""], ""params"": {""transforms"": {""USDEBT"": ""eop_q""}, ""scale"": 0.0001, ""scale_note"": ""100 * USD / (millions USD * 1e6) -> percent of GDP""}, ""version"": 1}","Percent of GDP (fmt pct1, scale 1)",Q,mixed,"bea:gdp; Quarterly (with GDP); lag {""kind"": ""derived"", ""days"": null, ""time_et"": null}",calendar quarter,bea:gdp (bea_feed/authoritative_feed),line; max_age_days 120,paid (require_bars_access -> meets_plan_gate; the one bars gate),comprehensive,enabled,True,,CURRENT,133,1993-04-01,2026-04-01,133,121.188,L:133,rejects 0; leaks 0,derived:133,0,clean,
ECON:USCRUDEINV,USCRUDEINV,Crude Oil Inventories ex SPR,Energy,U.S. Energy Information Administration,eia,PET.WCESTUS1.W,"Thousand barrels (fmt mbbl, scale 1000)",W/FRI,NSA,"eia:wpsr; Weekly, Wednesday (WPSR; Thu after holidays); lag {""kind"": ""period_end_plus_days"", ""days"": 6, ""time_et"": ""11:00""}","week ending FRI (period = 7 days, label = end date)",eia:wpsr (rule/rule),line; max_age_days 13,paid (require_bars_access -> meets_plan_gate; the one bars gate),minor_routine,enabled,True,,CHECKING,2295,1982-08-14,2026-09-12,2295,426398,L:2295,rejects 0; leaks 0,conservative:1504 exact:672 reconstructed:119,0,clean,
ECON:USGASPRICE,USGASPRICE,"Retail Gasoline Price, Regular (U.S. average)",Energy,U.S. Energy Information Administration,eia,PET.EMM_EPMR_PTE_NUS_DPG.W,"USD per gallon (fmt usd3, scale 1)",W/MON,NSA,"eia:gasdiesel; Weekly, Tuesday (Gasoline & Diesel Fuel Update for the Monday survey); lag {""kind"": ""period_end_plus_days"", ""days"": 1, ""time_et"": ""17:00""}","week ending MON (period = 7 days, label = end date)",eia:gasdiesel (rule/rule),line; max_age_days 13,paid (require_bars_access -> meets_plan_gate; the one bars gate),minor_routine,enabled,True,,CURRENT,1885,1990-08-14,2026-09-22,1885,4.465,L:1885,rejects 0; leaks 0,conservative:496 reconstructed:1389,0,clean,
ECON:USFHFAHPI,USFHFAHPI,"FHFA House Price Index, Purchase-Only (U.S., SA)",Housing,Federal Housing Finance Agency,fhfa,"hpi_master.csv: traditional / purchase-only / monthly / 'USA or Census Division' / place_id 'USA' (place_name 'United States'), column index_sa","Index Jan 1991=100 (fmt num2, scale 1)",M,SA,"fhfa:hpi_monthly; Monthly, last Tuesday (2-mo lag); lag {""kind"": ""period_end_plus_days"", ""days"": 62, ""time_et"": ""09:00""}",calendar month,fhfa:hpi_monthly (fhfa_hpi/configured),line; max_age_days 45,paid (require_bars_access -> meets_plan_gate; the one bars gate),comprehensive,enabled,True,,CURRENT,427,1991-01-01,2026-07-01,427,443.52,L:427,rejects 0; leaks 0,conservative:426 exact:1,0,clean,
ECON:USCORECPINSA,USCORECPINSA,Core CPI (NSA),Inflation & Prices,U.S. Bureau of Labor Statistics,bls,CUUR0000SA0L1E,"Index 1982-84=100 (fmt num3, scale 1)",M,NSA,"bls:cpi; Monthly, ~10th-15th (CPI release); lag {""kind"": ""period_end_plus_days"", ""days"": 25, ""time_et"": ""08:30""}",calendar month,bls:cpi (bls_2026/configured),line; max_age_days 45,paid (require_bars_access -> meets_plan_gate; the one bars gate),none,enabled,True,,CURRENT,356,1997-01-01,2026-08-01,356,338.041,L:8 U:348,rejects 0; leaks 0,conservative:17 reconstructed:339,0,clean,
ECON:USCPIFOOD,USCPIFOOD,CPI Food (SA),Inflation & Prices,U.S. Bureau of Labor Statistics,bls,CUSR0000SAF1,"Index 1982-84=100 (fmt num3, scale 1)",M,SA,"bls:cpi; Monthly, ~10th-15th (CPI release); lag {""kind"": ""period_end_plus_days"", ""days"": 25, ""time_et"": ""08:30""}",calendar month,bls:cpi (bls_2026/configured),line; max_age_days 45,paid (require_bars_access -> meets_plan_gate; the one bars gate),seasonal_factor_revision,enabled,False,,CURRENT,356,1997-01-01,2026-08-01,356,350.309,L:356,rejects 0; leaks 0,conservative:17 reconstructed:339,0,clean,"local backfill 1997-2026 (keyless v1, 6 queries); FULL history needs the keyed production backfill"
ECON:USCPIENERGY,USCPIENERGY,CPI Energy (SA),Inflation & Prices,U.S. Bureau of Labor Statistics,bls,CUSR0000SA0E,"Index 1982-84=100 (fmt num3, scale 1)",M,SA,"bls:cpi; Monthly, ~10th-15th (CPI release); lag {""kind"": ""period_end_plus_days"", ""days"": 25, ""time_et"": ""08:30""}",calendar month,bls:cpi (bls_2026/configured),line; max_age_days 45,paid (require_bars_access -> meets_plan_gate; the one bars gate),seasonal_factor_revision,enabled,False,,CURRENT,356,1997-01-01,2026-08-01,356,321.148,L:356,rejects 0; leaks 0,conservative:17 reconstructed:339,0,clean,"local backfill 1997-2026 (keyless v1, 6 queries); FULL history needs the keyed production backfill"
ECON:USCPISHELTER,USCPISHELTER,CPI Shelter (SA),Inflation & Prices,U.S. Bureau of Labor Statistics,bls,CUSR0000SAH1,"Index 1982-84=100 (fmt num3, scale 1)",M,SA,"bls:cpi; Monthly, ~10th-15th (CPI release); lag {""kind"": ""period_end_plus_days"", ""days"": 25, ""time_et"": ""08:30""}",calendar month,bls:cpi (bls_2026/configured),line; max_age_days 45,paid (require_bars_access -> meets_plan_gate; the one bars gate),seasonal_factor_revision,enabled,False,,CURRENT,356,1997-01-01,2026-08-01,356,430.227,L:356,rejects 0; leaks 0,conservative:17 reconstructed:339,0,clean,"local backfill 1997-2026 (keyless v1, 6 queries); FULL history needs the keyed production backfill"
ECON:USCPIOER,USCPIOER,CPI Owners' Equivalent Rent (SA),Inflation & Prices,U.S. Bureau of Labor Statistics,bls,CUSR0000SEHC,"Index Dec 1982=100 (fmt num3, scale 1)",M,SA,"bls:cpi; Monthly, ~10th-15th (CPI release); lag {""kind"": ""period_end_plus_days"", ""days"": 25, ""time_et"": ""08:30""}",calendar month,bls:cpi (bls_2026/configured),line; max_age_days 45,paid (require_bars_access -> meets_plan_gate; the one bars gate),seasonal_factor_revision,enabled,False,,CURRENT,356,1997-01-01,2026-08-01,356,443.713,L:356,rejects 0; leaks 0,conservative:17 reconstructed:339,0,clean,"local backfill 1997-2026 (keyless v1, 6 queries); FULL history needs the keyed production backfill"
ECON:USCPISVCXSH,USCPISVCXSH,CPI Services Less Rent of Shelter (SA),Inflation & Prices,U.S. Bureau of Labor Statistics,bls,CUSR0000SASL2RS,"Index Dec 1982=100 (fmt num3, scale 1)",M,SA,"bls:cpi; Monthly, ~10th-15th (CPI release); lag {""kind"": ""period_end_plus_days"", ""days"": 25, ""time_et"": ""08:30""}",calendar month,bls:cpi (bls_2026/configured),line; max_age_days 45,paid (require_bars_access -> meets_plan_gate; the one bars gate),seasonal_factor_revision,enabled,False,,CURRENT,356,1997-01-01,2026-08-01,356,447.357,L:356,rejects 0; leaks 0,conservative:17 reconstructed:339,0,clean,"local backfill 1997-2026 (keyless v1, 6 queries); FULL history needs the keyed production backfill"
ECON:USCPISVCXEN,USCPISVCXEN,CPI Services Less Energy Services (SA),Inflation & Prices,U.S. Bureau of Labor Statistics,bls,CUSR0000SASLE,"Index 1982-84=100 (fmt num3, scale 1)",M,SA,"bls:cpi; Monthly, ~10th-15th (CPI release); lag {""kind"": ""period_end_plus_days"", ""days"": 25, ""time_et"": ""08:30""}",calendar month,bls:cpi (bls_2026/configured),line; max_age_days 45,paid (require_bars_access -> meets_plan_gate; the one bars gate),seasonal_factor_revision,enabled,False,,CURRENT,356,1997-01-01,2026-08-01,356,447.075,L:356,rejects 0; leaks 0,conservative:17 reconstructed:339,0,clean,"local backfill 1997-2026 (keyless v1, 6 queries); FULL history needs the keyed production backfill"
ECON:USCPICOREGDS,USCPICOREGDS,CPI Commodities Less Food & Energy (Core Goods) (SA),Inflation & Prices,U.S. Bureau of Labor Statistics,bls,CUSR0000SACL1E,"Index 1982-84=100 (fmt num3, scale 1)",M,SA,"bls:cpi; Monthly, ~10th-15th (CPI release); lag {""kind"": ""period_end_plus_days"", ""days"": 25, ""time_et"": ""08:30""}",calendar month,bls:cpi (bls_2026/configured),line; max_age_days 45,paid (require_bars_access -> meets_plan_gate; the one bars gate),seasonal_factor_revision,enabled,False,,CURRENT,356,1997-01-01,2026-08-01,356,167.939,L:356,rejects 0; leaks 0,conservative:17 reconstructed:339,0,clean,"local backfill 1997-2026 (keyless v1, 6 queries); FULL history needs the keyed production backfill"
ECON:USCPIUSEDCAR,USCPIUSEDCAR,CPI Used Cars & Trucks (SA),Inflation & Prices,U.S. Bureau of Labor Statistics,bls,CUSR0000SETA02,"Index 1982-84=100 (fmt num3, scale 1)",M,SA,"bls:cpi; Monthly, ~10th-15th (CPI release); lag {""kind"": ""period_end_plus_days"", ""days"": 25, ""time_et"": ""08:30""}",calendar month,bls:cpi (bls_2026/configured),line; max_age_days 45,paid (require_bars_access -> meets_plan_gate; the one bars gate),seasonal_factor_revision,enabled,False,,CURRENT,356,1997-01-01,2026-08-01,356,180.965,L:356,rejects 0; leaks 0,conservative:17 reconstructed:339,0,clean,"local backfill 1997-2026 (keyless v1, 6 queries); FULL history needs the keyed production backfill"
ECON:USCORECPIMOM,USCORECPIMOM,Core CPI MoM % (SA),Inflation & Prices,UCT (derived from BLS),derived,"{""op"": ""mom_pct"", ""inputs"": [""USCORECPI""], ""params"": {}, ""version"": 1}","Percent (fmt pct1, scale 1)",M,SA-based,"bls:cpi; On parent update; lag {""kind"": ""derived"", ""days"": null, ""time_et"": null}",calendar month,bls:cpi (bls_2026/configured),histogram; max_age_days 45,paid (require_bars_access -> meets_plan_gate; the one bars gate),seasonal_factor_revision,enabled,False,,CURRENT,355,1997-02-01,2026-08-01,355,0.289796,L:355,rejects 0; leaks 0,derived:355,0,clean,
ECON:USCPISHYOY,USCPISHYOY,CPI Shelter YoY %,Inflation & Prices,UCT (derived from BLS),derived,"{""op"": ""yoy_pct"", ""inputs"": [""USCPISHELTER""], ""params"": {}, ""version"": 1}","Percent (fmt pct1, scale 1)",M,SA-based,"bls:cpi; On parent update; lag {""kind"": ""derived"", ""days"": null, ""time_et"": null}",calendar month,bls:cpi (bls_2026/configured),line; max_age_days 45,paid (require_bars_access -> meets_plan_gate; the one bars gate),seasonal_factor_revision,enabled,False,,CURRENT,344,1998-01-01,2026-08-01,344,3.03481,L:344,rejects 0; leaks 0,derived:344,0,clean,
ECON:USCPISCXSYOY,USCPISCXSYOY,CPI Services ex Shelter YoY %,Inflation & Prices,UCT (derived from BLS),derived,"{""op"": ""yoy_pct"", ""inputs"": [""USCPISVCXSH""], ""params"": {}, ""version"": 1}","Percent (fmt pct1, scale 1)",M,SA-based,"bls:cpi; On parent update; lag {""kind"": ""derived"", ""days"": null, ""time_et"": null}",calendar month,bls:cpi (bls_2026/configured),line; max_age_days 45,paid (require_bars_access -> meets_plan_gate; the one bars gate),seasonal_factor_revision,enabled,False,,CURRENT,344,1998-01-01,2026-08-01,344,3.10426,L:344,rejects 0; leaks 0,derived:344,0,clean,
ECON:USPPICORE,USPPICORE,PPI Final Demand less Foods & Energy (SA),Inflation & Prices,U.S. Bureau of Labor Statistics,bls,WPSFD49104,"Index Apr 2010=100 (fmt num3, scale 1)",M,SA,"bls:ppi; Monthly, ~day after CPI; lag {""kind"": ""period_end_plus_days"", ""days"": 25, ""time_et"": ""08:30""}",calendar month,bls:ppi (bls_2026/configured),line; max_age_days 45,paid (require_bars_access -> meets_plan_gate; the one bars gate),seasonal_factor_revision,enabled,False,,CURRENT,197,2010-04-01,2026-08-01,197,154.842,L:197,rejects 0; leaks 0,reconstructed:197,0,clean,"local backfill 1997-2026 (keyless v1, 6 queries); FULL history needs the keyed production backfill"
ECON:USPPIFDNSA,USPPIFDNSA,PPI Final Demand (NSA),Inflation & Prices,U.S. Bureau of Labor Statistics,bls,WPUFD4,"Index Nov 2009=100 (fmt num3, scale 1)",M,NSA,"bls:ppi; Monthly, ~day after CPI; lag {""kind"": ""period_end_plus_days"", ""days"": 25, ""time_et"": ""08:30""}",calendar month,bls:ppi (bls_2026/configured),line; max_age_days 45,paid (require_bars_access -> meets_plan_gate; the one bars gate),minor_routine,enabled,False,,CURRENT,202,2009-11-01,2026-08-01,202,157.604,L:202,rejects 0; leaks 0,reconstructed:202,0,clean,"local backfill 1997-2026 (keyless v1, 6 queries); FULL history needs the keyed production backfill"
ECON:USPPIYOY,USPPIYOY,PPI Final Demand YoY %,Inflation & Prices,UCT (derived from BLS),derived,"{""op"": ""yoy_pct"", ""inputs"": [""USPPIFDNSA""], ""params"": {}, ""version"": 1}","Percent (fmt pct1, scale 1)",M,NSA-based,"bls:ppi; On parent update; lag {""kind"": ""derived"", ""days"": null, ""time_et"": null}",calendar month,bls:ppi (bls_2026/configured),line; max_age_days 45,paid (require_bars_access -> meets_plan_gate; the one bars gate),minor_routine,enabled,False,,CURRENT,190,2010-11-01,2026-08-01,190,5.44472,L:190,rejects 0; leaks 0,derived:190,0,clean,
ECON:USPPIMOM,USPPIMOM,PPI Final Demand MoM % (SA),Inflation & Prices,UCT (derived from BLS),derived,"{""op"": ""mom_pct"", ""inputs"": [""USPPIFD""], ""params"": {}, ""version"": 1}","Percent (fmt pct1, scale 1)",M,SA-based,"bls:ppi; On parent update; lag {""kind"": ""derived"", ""days"": null, ""time_et"": null}",calendar month,bls:ppi (bls_2026/configured),histogram; max_age_days 45,paid (require_bars_access -> meets_plan_gate; the one bars gate),minor_routine,enabled,False,,CURRENT,201,2009-12-01,2026-08-01,201,0.399913,L:201,rejects 0; leaks 0,derived:201,0,clean,
ECON:USCOREPPIYOY,USCOREPPIYOY,Core PPI YoY %,Inflation & Prices,UCT (derived from BLS),derived,"{""op"": ""yoy_pct"", ""inputs"": [""USPPICORE""], ""params"": {}, ""version"": 1}","Percent (fmt pct1, scale 1)",M,SA-based,"bls:ppi; On parent update; lag {""kind"": ""derived"", ""days"": null, ""time_et"": null}",calendar month,bls:ppi (bls_2026/configured),line; max_age_days 45,paid (require_bars_access -> meets_plan_gate; the one bars gate),minor_routine,enabled,False,,CURRENT,185,2011-04-01,2026-08-01,185,4.62227,L:185,rejects 0; leaks 0,derived:185,0,clean,
ECON:USIMPPRICE,USIMPPRICE,Import Price Index: All Commodities (NSA),Inflation & Prices,U.S. Bureau of Labor Statistics,bls,EIUIR,"Index 2000=100 (fmt num3, scale 1)",M,NSA,"bls:mxp; Monthly, ~mid-month; lag {""kind"": ""period_end_plus_days"", ""days"": 25, ""time_et"": ""08:30""}",calendar month,bls:mxp (bls_2026/configured),line; max_age_days 45,paid (require_bars_access -> meets_plan_gate; the one bars gate),minor_routine,enabled,False,,CURRENT,355,1997-01-01,2026-08-01,355,150.8,L:355,rejects 0; leaks 0,conservative:64 reconstructed:291,0,clean,"local backfill 1997-2026 (keyless v1, 6 queries); FULL history needs the keyed production backfill"
ECON:USPROD,USPROD,Nonfarm Business Labor Productivity (% chg q/q SAAR),Employment & Labor,U.S. Bureau of Labor Statistics,bls,PRS85006092,"Percent, annualized (fmt pct1, scale 1)",Q,SAAR,"bls:prod; Quarterly, prelim ~5 wks after qtr, revised ~1 mo later; lag {""kind"": ""period_end_plus_days"", ""days"": 40, ""time_et"": ""08:30""}",calendar quarter,bls:prod (bls_2026/configured),histogram; max_age_days 120,paid (require_bars_access -> meets_plan_gate; the one bars gate),comprehensive,enabled,False,,CURRENT,118,1997-01-01,2026-04-01,118,1.4,L:118,rejects 0; leaks 0,conservative:20 exact:1 reconstructed:97,0,clean,"local backfill 1997-2026 (keyless v1, 6 queries); FULL history needs the keyed production backfill"
ECON:USULC,USULC,Nonfarm Business Unit Labor Costs (% chg q/q SAAR),Employment & Labor,U.S. Bureau of Labor Statistics,bls,PRS85006112,"Percent, annualized (fmt pct1, scale 1)",Q,SAAR,"bls:prod; Quarterly; lag {""kind"": ""period_end_plus_days"", ""days"": 40, ""time_et"": ""08:30""}",calendar quarter,bls:prod (bls_2026/configured),histogram; max_age_days 120,paid (require_bars_access -> meets_plan_gate; the one bars gate),comprehensive,enabled,False,,CURRENT,118,1997-01-01,2026-04-01,118,1.2,L:118,rejects 0; leaks 0,conservative:20 exact:1 reconstructed:97,0,clean,"local backfill 1997-2026 (keyless v1, 6 queries); FULL history needs the keyed production backfill"
ECON:USU6,USU6,U-6 Underemployment Rate,Employment & Labor,U.S. Bureau of Labor Statistics,bls,LNS13327709,"Percent (fmt pct1, scale 1)",M,SA,"bls:empsit; Monthly, usually 1st Friday; lag {""kind"": ""period_end_plus_days"", ""days"": 12, ""time_et"": ""08:30""}",calendar month,bls:empsit (bls_2026/configured),line; max_age_days 45,paid (require_bars_access -> meets_plan_gate; the one bars gate),seasonal_factor_revision,enabled,False,,CURRENT,356,1997-01-01,2026-08-01,356,7.7,L:356,rejects 0; leaks 0,conservative:17 reconstructed:339,0,clean,"local backfill 1997-2026 (keyless v1, 6 queries); FULL history needs the keyed production backfill"
ECON:USLFPR,USLFPR,Labor Force Participation Rate,Employment & Labor,U.S. Bureau of Labor Statistics,bls,LNS11300000,"Percent (fmt pct1, scale 1)",M,SA,"bls:empsit; Monthly, usually 1st Friday; lag {""kind"": ""period_end_plus_days"", ""days"": 12, ""time_et"": ""08:30""}",calendar month,bls:empsit (bls_2026/configured),line; max_age_days 45,paid (require_bars_access -> meets_plan_gate; the one bars gate),seasonal_factor_revision,enabled,False,,CURRENT,356,1997-01-01,2026-08-01,356,61.6,L:356,rejects 0; leaks 0,conservative:17 reconstructed:339,0,clean,"local backfill 1997-2026 (keyless v1, 6 queries); FULL history needs the keyed production backfill"
ECON:USEPOP,USEPOP,Employment-Population Ratio,Employment & Labor,U.S. Bureau of Labor Statistics,bls,LNS12300000,"Percent (fmt pct1, scale 1)",M,SA,"bls:empsit; Monthly, usually 1st Friday; lag {""kind"": ""period_end_plus_days"", ""days"": 12, ""time_et"": ""08:30""}",calendar month,bls:empsit (bls_2026/configured),line; max_age_days 45,paid (require_bars_access -> meets_plan_gate; the one bars gate),seasonal_factor_revision,enabled,False,,CURRENT,356,1997-01-01,2026-08-01,356,59.1,L:356,rejects 0; leaks 0,conservative:17 reconstructed:339,0,clean,"local backfill 1997-2026 (keyless v1, 6 queries); FULL history needs the keyed production backfill"
ECON:USEPOP2554,USEPOP2554,Prime-Age (25-54) Employment-Population Ratio,Employment & Labor,U.S. Bureau of Labor Statistics,bls,LNS12300060,"Percent (fmt pct1, scale 1)",M,SA,"bls:empsit; Monthly, usually 1st Friday; lag {""kind"": ""period_end_plus_days"", ""days"": 12, ""time_et"": ""08:30""}",calendar month,bls:empsit (bls_2026/configured),line; max_age_days 45,paid (require_bars_access -> meets_plan_gate; the one bars gate),seasonal_factor_revision,enabled,False,,CURRENT,356,1997-01-01,2026-08-01,356,80.4,L:356,rejects 0; leaks 0,conservative:17 reconstructed:339,0,clean,"local backfill 1997-2026 (keyless v1, 6 queries); FULL history needs the keyed production backfill"
ECON:USPRIVNFP,USPRIVNFP,Private Nonfarm Payrolls,Employment & Labor,U.S. Bureau of Labor Statistics,bls,CES0500000001,"Thousands of jobs (fmt k_persons, scale 1000)",M,SA,"bls:empsit; Monthly, usually 1st Friday; lag {""kind"": ""period_end_plus_days"", ""days"": 12, ""time_et"": ""08:30""}",calendar month,bls:empsit (bls_2026/configured),line; max_age_days 45,paid (require_bars_access -> meets_plan_gate; the one bars gate),annual_benchmark,enabled,False,,CURRENT,356,1997-01-01,2026-08-01,356,135752,L:356,rejects 0; leaks 0,conservative:17 reconstructed:339,0,clean,"local backfill 1997-2026 (keyless v1, 6 queries); FULL history needs the keyed production backfill"
ECON:USMFGNFP,USMFGNFP,Manufacturing Payrolls,Employment & Labor,U.S. Bureau of Labor Statistics,bls,CES3000000001,"Thousands of jobs (fmt k_persons, scale 1000)",M,SA,"bls:empsit; Monthly, usually 1st Friday; lag {""kind"": ""period_end_plus_days"", ""days"": 12, ""time_et"": ""08:30""}",calendar month,bls:empsit (bls_2026/configured),line; max_age_days 45,paid (require_bars_access -> meets_plan_gate; the one bars gate),annual_benchmark,enabled,False,,CURRENT,356,1997-01-01,2026-08-01,356,12638,L:356,rejects 0; leaks 0,conservative:17 reconstructed:339,0,clean,"local backfill 1997-2026 (keyless v1, 6 queries); FULL history needs the keyed production backfill"
ECON:USGOVNFP,USGOVNFP,Government Payrolls,Employment & Labor,U.S. Bureau of Labor Statistics,bls,CES9000000001,"Thousands of jobs (fmt k_persons, scale 1000)",M,SA,"bls:empsit; Monthly, usually 1st Friday; lag {""kind"": ""period_end_plus_days"", ""days"": 12, ""time_et"": ""08:30""}",calendar month,bls:empsit (bls_2026/configured),line; max_age_days 45,paid (require_bars_access -> meets_plan_gate; the one bars gate),annual_benchmark,enabled,False,,CURRENT,356,1997-01-01,2026-08-01,356,23323,L:356,rejects 0; leaks 0,conservative:17 reconstructed:339,0,clean,"local backfill 1997-2026 (keyless v1, 6 queries); FULL history needs the keyed production backfill"
ECON:USAHE,USAHE,"Average Hourly Earnings, All Private",Employment & Labor,U.S. Bureau of Labor Statistics,bls,CES0500000003,"USD per hour (fmt num2, scale 1)",M,SA,"bls:empsit; Monthly, usually 1st Friday; lag {""kind"": ""period_end_plus_days"", ""days"": 12, ""time_et"": ""08:30""}",calendar month,bls:empsit (bls_2026/configured),line; max_age_days 45,paid (require_bars_access -> meets_plan_gate; the one bars gate),annual_benchmark,enabled,False,,CURRENT,246,2006-03-01,2026-08-01,246,37.75,L:246,rejects 0; leaks 0,reconstructed:246,0,clean,"local backfill 1997-2026 (keyless v1, 6 queries); FULL history needs the keyed production backfill"
ECON:USAWH,USAWH,"Average Weekly Hours, All Private",Employment & Labor,U.S. Bureau of Labor Statistics,bls,CES0500000002,"Hours (fmt num1, scale 1)",M,SA,"bls:empsit; Monthly, usually 1st Friday; lag {""kind"": ""period_end_plus_days"", ""days"": 12, ""time_et"": ""08:30""}",calendar month,bls:empsit (bls_2026/configured),line; max_age_days 45,paid (require_bars_access -> meets_plan_gate; the one bars gate),annual_benchmark,enabled,False,,CURRENT,246,2006-03-01,2026-08-01,246,34.4,L:246,rejects 0; leaks 0,reconstructed:246,0,clean,"local backfill 1997-2026 (keyless v1, 6 queries); FULL history needs the keyed production backfill"
ECON:USAHEYOY,USAHEYOY,Avg Hourly Earnings YoY %,Employment & Labor,UCT (derived from BLS),derived,"{""op"": ""yoy_pct"", ""inputs"": [""USAHE""], ""params"": {}, ""version"": 1}","Percent (fmt pct1, scale 1)",M,SA-based,"bls:empsit; On parent update; lag {""kind"": ""derived"", ""days"": null, ""time_et"": null}",calendar month,bls:empsit (bls_2026/configured),line; max_age_days 45,paid (require_bars_access -> meets_plan_gate; the one bars gate),annual_benchmark,enabled,False,,CURRENT,234,2007-03-01,2026-08-01,234,3.08575,L:234,rejects 0; leaks 0,derived:234,0,clean,
ECON:USJOLTSQ,USJOLTSQ,JOLTS Quits (level),Employment & Labor,U.S. Bureau of Labor Statistics,bls,JTS000000000000000QUL,"Thousands (fmt k_persons, scale 1000)",M,SA,"bls:jolts; Monthly, ~5-6 wks after ref month; lag {""kind"": ""period_end_plus_days"", ""days"": 45, ""time_et"": ""10:00""}",calendar month,bls:jolts (bls_2026/configured),line; max_age_days 45,paid (require_bars_access -> meets_plan_gate; the one bars gate),annual_benchmark,enabled,False,,CURRENT,309,2000-12-01,2026-08-01,309,3066,L:309,rejects 0; leaks 0,conservative:39 reconstructed:270,0,clean,"local backfill 1997-2026 (keyless v1, 6 queries); FULL history needs the keyed production backfill"
ECON:USJOLTSQR,USJOLTSQR,JOLTS Quits Rate,Employment & Labor,U.S. Bureau of Labor Statistics,bls,JTS000000000000000QUR,"Percent (fmt pct1, scale 1)",M,SA,"bls:jolts; Monthly, ~5-6 wks after ref month; lag {""kind"": ""period_end_plus_days"", ""days"": 45, ""time_et"": ""10:00""}",calendar month,bls:jolts (bls_2026/configured),line; max_age_days 45,paid (require_bars_access -> meets_plan_gate; the one bars gate),annual_benchmark,enabled,False,,CURRENT,309,2000-12-01,2026-08-01,309,1.9,L:309,rejects 0; leaks 0,conservative:39 reconstructed:270,0,clean,"local backfill 1997-2026 (keyless v1, 6 queries); FULL history needs the keyed production backfill"
ECON:USJOLTSH,USJOLTSH,JOLTS Hires (level),Employment & Labor,U.S. Bureau of Labor Statistics,bls,JTS000000000000000HIL,"Thousands (fmt k_persons, scale 1000)",M,SA,"bls:jolts; Monthly, ~5-6 wks after ref month; lag {""kind"": ""period_end_plus_days"", ""days"": 45, ""time_et"": ""10:00""}",calendar month,bls:jolts (bls_2026/configured),line; max_age_days 45,paid (require_bars_access -> meets_plan_gate; the one bars gate),annual_benchmark,enabled,False,,CURRENT,309,2000-12-01,2026-08-01,309,5192,L:309,rejects 0; leaks 0,conservative:39 reconstructed:270,0,clean,"local backfill 1997-2026 (keyless v1, 6 queries); FULL history needs the keyed production backfill"
ECON:USJOLTSL,USJOLTSL,JOLTS Layoffs & Discharges (level),Employment & Labor,U.S. Bureau of Labor Statistics,bls,JTS000000000000000LDL,"Thousands (fmt k_persons, scale 1000)",M,SA,"bls:jolts; Monthly, ~5-6 wks after ref month; lag {""kind"": ""period_end_plus_days"", ""days"": 45, ""time_et"": ""10:00""}",calendar month,bls:jolts (bls_2026/configured),line; max_age_days 45,paid (require_bars_access -> meets_plan_gate; the one bars gate),annual_benchmark,enabled,False,,CURRENT,309,2000-12-01,2026-08-01,309,1641,L:309,rejects 0; leaks 0,conservative:39 reconstructed:270,0,clean,"local backfill 1997-2026 (keyless v1, 6 queries); FULL history needs the keyed production backfill"
ECON:USCCSA,USCCSA,"Continuing Jobless Claims (SA, insured unemployment)",Employment & Labor,"U.S. Department of Labor, ETA",dol,"DOL ETA national claims (continued, SA)","Number of claims (fmt num0, scale 1)",W/SAT,SA,"dol:claims; Weekly, Thursday (Wed if holiday); lag {""kind"": ""period_end_plus_days"", ""days"": 13, ""time_et"": ""08:30""}","week ending SAT (period = 7 days, label = end date)",dol:claims (rule/rule),line; max_age_days 13,paid (require_bars_access -> meets_plan_gate; the one bars gate),seasonal_factor_revision,unverified,False,"CURRENTNESS: continued claims come only from the r539cy XML history, which lags the Thursday release by ~4 weeks (newest w/e 2026-08-29 on 2026-09-30); the press-PDF path is initial-claims only, so dol:claims (the initial-claims week) would read DELAYED every week. Data validates (3,113 weeks)",,0,,,0,,,rejects 0; leaks 0,,0,clean,
ECON:USICSA4W,USICSA4W,Initial Claims 4-Week Average,Employment & Labor,UCT (derived from DOL),derived,"{""op"": ""sma"", ""inputs"": [""USICSA""], ""params"": {""n"": 4}, ""version"": 1}","Number of claims (fmt num0, scale 1)",W/SAT,SA-based,"dol:claims; Weekly Thursday; lag {""kind"": ""derived"", ""days"": null, ""time_et"": null}","week ending SAT (period = 7 days, label = end date)",dol:claims (rule/rule),line; max_age_days 13,paid (require_bars_access -> meets_plan_gate; the one bars gate),seasonal_factor_revision,enabled,False,,CURRENT,3113,1967-01-22,2026-09-13,3113,202250,L:3113,rejects 0; leaks 0,derived:3113,0,clean,
ECON:USGDP,USGDP,Nominal GDP (SAAR),Growth & GDP,U.S. Bureau of Economic Analysis,bea,NIPA T10105 L1 (A191RC),"Millions USD, SAAR (fmt usd_compact, scale 1000000)",Q,SAAR,"bea:gdp; Quarterly: advance ~30d, second ~60d, third ~90d after qtr; lag {""kind"": ""period_end_plus_days"", ""days"": 32, ""time_et"": ""08:30""}",calendar quarter,bea:gdp (bea_feed/authoritative_feed),line; max_age_days 120,paid (require_bars_access -> meets_plan_gate; the one bars gate),comprehensive,enabled,True,,CURRENT,318,1947-01-01,2026-04-01,318,3.2563e+07,L:318,rejects 0; leaks 0,conservative:316 exact:2,0,clean,
ECON:USFSPDP,USFSPDP,Real Final Sales to Private Domestic Purchasers,Growth & GDP,U.S. Bureau of Economic Analysis,bea,NIPA T10406 L8 (LB000003),"Millions chained 2017 USD, SAAR (fmt usd_compact, scale 1000000)",Q,SAAR,"bea:gdp; Quarterly: advance ~30d, second ~60d, third ~90d after qtr; lag {""kind"": ""period_end_plus_days"", ""days"": 32, ""time_et"": ""08:30""}",calendar quarter,bea:gdp (bea_feed/authoritative_feed),line; max_age_days 120,paid (require_bars_access -> meets_plan_gate; the one bars gate),comprehensive,enabled,False,,CURRENT,318,1947-01-01,2026-04-01,318,2.14321e+07,L:318,rejects 0; leaks 0,conservative:316 exact:2,0,clean,
ECON:USRNRFI,USRNRFI,Real Nonresidential Fixed Investment,Growth & GDP,U.S. Bureau of Economic Analysis,bea,NIPA T10106 L9 (A008RX),"Millions chained 2017 USD, SAAR (fmt usd_compact, scale 1000000)",Q,SAAR,"bea:gdp; Quarterly: advance ~30d, second ~60d, third ~90d after qtr; lag {""kind"": ""period_end_plus_days"", ""days"": 32, ""time_et"": ""08:30""}",calendar quarter,bea:gdp (bea_feed/authoritative_feed),line; max_age_days 120,paid (require_bars_access -> meets_plan_gate; the one bars gate),comprehensive,enabled,False,,CURRENT,78,2007-01-01,2026-04-01,78,3.98573e+06,L:78,rejects 0; leaks 0,conservative:76 exact:2,0,clean,
ECON:USPERSINC,USPERSINC,Personal Income,Consumer,U.S. Bureau of Economic Analysis,bea,NIPA T20600 L1 (A065RC),"Millions USD, SAAR (fmt usd_compact, scale 1000000)",M,SAAR,"bea:pio; Monthly, Personal Income & Outlays, ~last week of month; lag {""kind"": ""period_end_plus_days"", ""days"": 35, ""time_et"": ""08:30""}",calendar month,bea:pio (bea_feed/authoritative_feed),line; max_age_days 45,paid (require_bars_access -> meets_plan_gate; the one bars gate),comprehensive,enabled,False,,CURRENT,812,1959-01-01,2026-08-01,812,2.76269e+07,L:812,rejects 0; leaks 0,conservative:805 exact:7,0,clean,
ECON:USDPI,USDPI,Disposable Personal Income,Consumer,U.S. Bureau of Economic Analysis,bea,NIPA T20600 L27 (A067RC),"Millions USD, SAAR (fmt usd_compact, scale 1000000)",M,SAAR,"bea:pio; Monthly, Personal Income & Outlays, ~last week of month; lag {""kind"": ""period_end_plus_days"", ""days"": 35, ""time_et"": ""08:30""}",calendar month,bea:pio (bea_feed/authoritative_feed),line; max_age_days 45,paid (require_bars_access -> meets_plan_gate; the one bars gate),comprehensive,enabled,False,,CURRENT,812,1959-01-01,2026-08-01,812,2.42232e+07,L:812,rejects 0; leaks 0,conservative:805 exact:7,0,clean,
ECON:USRDPI,USRDPI,Real Disposable Personal Income,Consumer,U.S. Bureau of Economic Analysis,bea,NIPA T20600 L37 (A067RX),"Millions chained 2017 USD, SAAR (fmt usd_compact, scale 1000000)",M,SAAR,"bea:pio; Monthly, Personal Income & Outlays, ~last week of month; lag {""kind"": ""period_end_plus_days"", ""days"": 35, ""time_et"": ""08:30""}",calendar month,bea:pio (bea_feed/authoritative_feed),line; max_age_days 45,paid (require_bars_access -> meets_plan_gate; the one bars gate),comprehensive,enabled,False,,CURRENT,812,1959-01-01,2026-08-01,812,1.84105e+07,L:812,rejects 0; leaks 0,conservative:805 exact:7,0,clean,
ECON:USPCE,USPCE,Personal Consumption Expenditures (nominal),Consumer,U.S. Bureau of Economic Analysis,bea,NIPA T20600 L29 (DPCERC) / T20805 L1,"Millions USD, SAAR (fmt usd_compact, scale 1000000)",M,SAAR,"bea:pio; Monthly, Personal Income & Outlays, ~last week of month; lag {""kind"": ""period_end_plus_days"", ""days"": 35, ""time_et"": ""08:30""}",calendar month,bea:pio (bea_feed/authoritative_feed),line; max_age_days 45,paid (require_bars_access -> meets_plan_gate; the one bars gate),comprehensive,enabled,False,,CURRENT,812,1959-01-01,2026-08-01,812,2.23085e+07,L:812,rejects 0; leaks 0,conservative:805 exact:7,0,clean,
ECON:USRPCE,USRPCE,Real Personal Consumption Expenditures,Consumer,U.S. Bureau of Economic Analysis,bea,NIPA T20806 L1 (DPCERX),"Millions chained 2017 USD, SAAR (fmt usd_compact, scale 1000000)",M,SAAR,"bea:pio; Monthly, Personal Income & Outlays, ~last week of month; lag {""kind"": ""period_end_plus_days"", ""days"": 35, ""time_et"": ""08:30""}",calendar month,bea:pio (bea_feed/authoritative_feed),line; max_age_days 45,paid (require_bars_access -> meets_plan_gate; the one bars gate),comprehensive,enabled,False,,CURRENT,236,2007-01-01,2026-08-01,236,1.69553e+07,L:236,rejects 0; leaks 0,conservative:229 exact:7,0,clean,
ECON:USSAVRATE,USSAVRATE,Personal Saving Rate,Consumer,U.S. Bureau of Economic Analysis,bea,NIPA T20600 L35 (A072RC),"Percent of DPI (fmt pct1, scale 1)",M,SA,"bea:pio; Monthly, Personal Income & Outlays, ~last week of month; lag {""kind"": ""period_end_plus_days"", ""days"": 35, ""time_et"": ""08:30""}",calendar month,bea:pio (bea_feed/authoritative_feed),line; max_age_days 45,paid (require_bars_access -> meets_plan_gate; the one bars gate),comprehensive,enabled,False,,CURRENT,812,1959-01-01,2026-08-01,812,4.1,L:812,rejects 0; leaks 0,conservative:805 exact:7,0,clean,
ECON:USPCESVCXHE,USPCESVCXHE,PCE Price: Services ex Energy & Housing,Inflation & Prices,U.S. Bureau of Economic Analysis,bea,NIPA T20804 L28 (IA001260),"Index 2017=100 (fmt num3, scale 1)",M,SA,"bea:pio; Monthly, Personal Income & Outlays, ~last week of month; lag {""kind"": ""period_end_plus_days"", ""days"": 35, ""time_et"": ""08:30""}",calendar month,bea:pio (bea_feed/authoritative_feed),line; max_age_days 45,paid (require_bars_access -> meets_plan_gate; the one bars gate),comprehensive,enabled,False,,CURRENT,812,1959-01-01,2026-08-01,812,134.731,L:812,rejects 0; leaks 0,conservative:805 exact:7,0,clean,
ECON:USPCEPIMOM,USPCEPIMOM,PCE Price Index MoM %,Inflation & Prices,UCT (derived from BEA),derived,"{""op"": ""mom_pct"", ""inputs"": [""USPCEPI""], ""params"": {}, ""version"": 1}","Percent (fmt pct1, scale 1)",M,SA-based,"bea:pio; On parent update; lag {""kind"": ""derived"", ""days"": null, ""time_et"": null}",calendar month,bea:pio (bea_feed/authoritative_feed),histogram; max_age_days 45,paid (require_bars_access -> meets_plan_gate; the one bars gate),comprehensive,enabled,False,,CURRENT,811,1959-02-01,2026-08-01,811,0.31028,L:811,rejects 0; leaks 0,derived:811,0,clean,
ECON:USCOREPCEYOY,USCOREPCEYOY,Core PCE YoY %,Inflation & Prices,UCT (derived from BEA),derived,"{""op"": ""yoy_pct"", ""inputs"": [""USCOREPCE""], ""params"": {}, ""version"": 1}","Percent (fmt pct1, scale 1)",M,SA-based,"bea:pio; On parent update; lag {""kind"": ""derived"", ""days"": null, ""time_et"": null}",calendar month,bea:pio (bea_feed/authoritative_feed),line; max_age_days 45,paid (require_bars_access -> meets_plan_gate; the one bars gate),comprehensive,enabled,False,,CURRENT,800,1960-01-01,2026-08-01,800,3.0076,L:800,rejects 0; leaks 0,derived:800,0,clean,
ECON:USCOREPCEMOM,USCOREPCEMOM,Core PCE MoM %,Inflation & Prices,UCT (derived from BEA),derived,"{""op"": ""mom_pct"", ""inputs"": [""USCOREPCE""], ""params"": {}, ""version"": 1}","Percent (fmt pct1, scale 1)",M,SA-based,"bea:pio; On parent update; lag {""kind"": ""derived"", ""days"": null, ""time_et"": null}",calendar month,bea:pio (bea_feed/authoritative_feed),histogram; max_age_days 45,paid (require_bars_access -> meets_plan_gate; the one bars gate),comprehensive,enabled,False,,CURRENT,811,1959-02-01,2026-08-01,811,0.247439,L:811,rejects 0; leaks 0,derived:811,0,clean,
ECON:USCORPPROF,USCORPPROF,Corporate Profits w/ IVA & CCAdj,Growth & GDP,U.S. Bureau of Economic Analysis,bea,NIPA T61600D L1 (A051RC),"Millions USD, SAAR (fmt usd_compact, scale 1000000)",Q,SAAR,"bea:profits; Quarterly, with 2nd GDP (Q4 with 3rd); lag {""kind"": ""period_end_plus_days"", ""days"": 92, ""time_et"": ""08:30""}",calendar quarter,bea:profits (bea_feed/authoritative_feed),line; max_age_days 120,paid (require_bars_access -> meets_plan_gate; the one bars gate),comprehensive,enabled,False,,CURRENT,318,1947-01-01,2026-04-01,318,4.70945e+06,L:318,rejects 0; leaks 0,conservative:315 exact:3,0,clean,
ECON:USCURACCT,USCURACCT,Current Account Balance,Trade,U.S. Bureau of Economic Analysis,bea,"ITA Indicator=BalCurrAcct, AreaOrCountry=AllCountries, Frequency=QSA","Millions USD (fmt usd_compact, scale 1000000)",Q,SA,"bea:ita; Quarterly, ~80 days after qtr; lag {""kind"": ""period_end_plus_days"", ""days"": 85, ""time_et"": ""08:30""}",calendar quarter,bea:ita (UNKNOWN calendar),line; max_age_days 120,paid (require_bars_access -> meets_plan_gate; the one bars gate),comprehensive,unverified,False,NEW ADAPTER CODE: BEA ITA dataset is API-only (key) -- bea.py implements NIPA only; no keyless ITA path; calendar bea:ita not built,,0,,,0,,,rejects 0; leaks 0,,0,clean,
ECON:USRETAILXA,USRETAILXA,Retail & Food Services ex Motor Vehicles & Parts,Consumer,U.S. Census Bureau,census,marts/44Y72/SM,"Millions USD (fmt usd_compact, scale 1000000)",M,SA,"census:marts; Monthly, ~15th (advance retail); lag {""kind"": ""period_end_plus_days"", ""days"": 20, ""time_et"": ""08:30""}",calendar month,census:marts (census_page/authoritative_page),line; max_age_days 45,paid (require_bars_access -> meets_plan_gate; the one bars gate),seasonal_factor_revision,disabled,False,retail basis conflict inherited from USRETAIL (owner decision required); data itself validates,,0,,,0,,,rejects 0; leaks 0,,0,clean,
ECON:USRETAILCTRL,USRETAILCTRL,Retail Sales Control Group (UCT-computed),Consumer,UCT (derived from Census),derived,"{""op"": ""sub"", ""inputs"": [""USRETAIL"", ""USRETAILMV"", ""USRETAILGAS"", ""USRETAILBM"", ""USRETAILFS""], ""params"": {}, ""version"": 1}","Millions USD (fmt usd_compact, scale 1000000)",M,SA-based,"census:marts; Monthly, with advance retail; lag {""kind"": ""derived"", ""days"": null, ""time_et"": null}",calendar month,census:marts (census_page/authoritative_page),line; max_age_days 45,paid (require_bars_access -> meets_plan_gate; the one bars gate),seasonal_factor_revision,unverified,False,"retail basis conflict + inputs USRETAILMV (unverified) / USRETAILGAS, USRETAILBM, USRETAILFS (disabled, outside the 151)",,0,,,0,,,rejects 0; leaks 0,,0,clean,
ECON:USRETAILMOM,USRETAILMOM,Retail Sales MoM %,Consumer,UCT (derived from Census),derived,"{""op"": ""mom_pct"", ""inputs"": [""USRETAIL""], ""params"": {}, ""version"": 1}","Percent (fmt pct1, scale 1)",M,SA-based,"census:marts; On parent update; lag {""kind"": ""derived"", ""days"": null, ""time_et"": null}",calendar month,census:marts (census_page/authoritative_page),histogram; max_age_days 45,paid (require_bars_access -> meets_plan_gate; the one bars gate),seasonal_factor_revision,disabled,False,input USRETAIL failed closed,,0,,,0,,,rejects 0; leaks 0,,0,clean,
ECON:USRETCTRLMOM,USRETCTRLMOM,Retail Control Group MoM %,Consumer,UCT (derived from Census),derived,"{""op"": ""mom_pct"", ""inputs"": [""USRETAILCTRL""], ""params"": {}, ""version"": 1}","Percent (fmt pct1, scale 1)",M,SA-based,"census:marts; On parent update; lag {""kind"": ""derived"", ""days"": null, ""time_et"": null}",calendar month,census:marts (census_page/authoritative_page),histogram; max_age_days 45,paid (require_bars_access -> meets_plan_gate; the one bars gate),seasonal_factor_revision,unverified,False,input USRETAILCTRL not enabled,,0,,,0,,,rejects 0; leaks 0,,0,clean,
ECON:USPERMIT,USPERMIT,"Building Permits, Total (SAAR)",Housing,U.S. Census Bureau,census,resconst/APERMITS/TOTAL,"Thousands of units, SAAR (fmt num0, scale 1000)",M,SAAR,"census:resconst; Monthly, ~12th business day (New Residential Construction); lag {""kind"": ""period_end_plus_days"", ""days"": 22, ""time_et"": ""08:30""}",calendar month,census:resconst (census_page/authoritative_page),line; max_age_days 45,paid (require_bars_access -> meets_plan_gate; the one bars gate),seasonal_factor_revision,enabled,False,,CURRENT,800,1960-01-01,2026-08-01,800,1403,L:800,rejects 0; leaks 0,conservative:728 exact:72,0,clean,
ECON:USNEWHOME,USNEWHOME,New Home Sales (SAAR),Housing,U.S. Census Bureau,census,ressales/ASOLD/TOTAL,"Thousands of units, SAAR (fmt num0, scale 1000)",M,SAAR,"census:ressales; Monthly, ~17th business day; lag {""kind"": ""period_end_plus_days"", ""days"": 28, ""time_et"": ""10:00""}",calendar month,census:ressales (census_page/authoritative_page),line; max_age_days 45,paid (require_bars_access -> meets_plan_gate; the one bars gate),seasonal_factor_revision,enabled,False,,CURRENT,764,1963-01-01,2026-08-01,764,684,L:764,rejects 0; leaks 0,conservative:752 exact:12,0,clean,
ECON:USNHMSUPPLY,USNHMSUPPLY,New Home Months' Supply,Housing,U.S. Census Bureau,census,ressales/FORSALE/MONSUP,"Months (fmt num1, scale 1)",M,SA,"census:ressales; Monthly, with new home sales; lag {""kind"": ""period_end_plus_days"", ""days"": 28, ""time_et"": ""10:00""}",calendar month,census:ressales (census_page/authoritative_page),line; max_age_days 45,paid (require_bars_access -> meets_plan_gate; the one bars gate),seasonal_factor_revision,enabled,False,,CURRENT,764,1963-01-01,2026-08-01,764,8.5,L:764,rejects 0; leaks 0,conservative:752 exact:12,0,clean,
ECON:USCONSTSPD,USCONSTSPD,"Construction Spending, Total (SAAR)",Housing,U.S. Census Bureau,census,vip/AXXXX/T,"Millions USD, SAAR (fmt usd_compact, scale 1000000)",M,SAAR,"census:vip; Monthly, 1st business day (~2-mo lag); lag {""kind"": ""period_end_plus_days"", ""days"": 35, ""time_et"": ""10:00""}",calendar month,census:vip (census_page/authoritative_page),line; max_age_days 45,paid (require_bars_access -> meets_plan_gate; the one bars gate),annual_benchmark,enabled,False,,CURRENT,295,2002-01-01,2026-07-01,295,2.15758e+06,L:295,rejects 0; leaks 0,conservative:284 exact:11,0,clean,
ECON:USCORECAPEX,USCORECAPEX,Core Capital Goods Orders (Nondefense ex Aircraft),Manufacturing & Business,U.S. Census Bureau,census,m3/NXA/NO,"Millions USD (fmt usd_compact, scale 1000000)",M,SA,"census:m3adv; Monthly, with durable goods; lag {""kind"": ""period_end_plus_days"", ""days"": 30, ""time_et"": ""08:30""}",calendar month,census:m3adv (census_page/authoritative_page),line; max_age_days 45,paid (require_bars_access -> meets_plan_gate; the one bars gate),seasonal_factor_revision,enabled,False,,CURRENT,415,1992-02-01,2026-08-01,415,87629,L:415,rejects 0; leaks 0,conservative:346 exact:69,0,clean,
ECON:USFACTORD,USFACTORD,Factory Orders (Total Manufacturing New Orders),Manufacturing & Business,U.S. Census Bureau,census,m3/MTM/NO,"Millions USD (fmt usd_compact, scale 1000000)",M,SA,"census:m3; Monthly, ~1st week (full M3); lag {""kind"": ""period_end_plus_days"", ""days"": 40, ""time_et"": ""10:00""}",calendar month,census:m3 (census_page/authoritative_page),line; max_age_days 45,paid (require_bars_access -> meets_plan_gate; the one bars gate),seasonal_factor_revision,enabled,False,,CURRENT,414,1992-02-01,2026-07-01,414,663616,L:414,rejects 0; leaks 0,conservative:404 exact:10,0,clean,
ECON:USBUSINV,USBUSINV,Total Business Inventories,Manufacturing & Business,U.S. Census Bureau,census,mtis/TOTBUS/IM,"Millions USD (fmt usd_compact, scale 1000000)",M,SA,"census:mtis; Monthly, ~mid-month (2-mo lag); lag {""kind"": ""period_end_plus_days"", ""days"": 50, ""time_et"": ""10:00""}",calendar month,census:mtis (census_page/authoritative_page),line; max_age_days 45,paid (require_bars_access -> meets_plan_gate; the one bars gate),seasonal_factor_revision,enabled,False,,CURRENT,415,1992-01-01,2026-07-01,415,2.76471e+06,L:415,rejects 0; leaks 0,conservative:405 exact:10,0,clean,
ECON:USBUSISR,USBUSISR,Total Business Inventories/Sales Ratio,Manufacturing & Business,U.S. Census Bureau,census,mtis/TOTBUS/IR,"Ratio (fmt num2, scale 1)",M,SA,"census:mtis; Monthly, with business inventories; lag {""kind"": ""period_end_plus_days"", ""days"": 50, ""time_et"": ""10:00""}",calendar month,census:mtis (census_page/authoritative_page),line; max_age_days 45,paid (require_bars_access -> meets_plan_gate; the one bars gate),seasonal_factor_revision,enabled,False,,CURRENT,415,1992-01-01,2026-07-01,415,1.3,L:415,rejects 0; leaks 0,conservative:405 exact:10,0,clean,
ECON:USEXPORTS,USEXPORTS,Exports of Goods & Services,Trade,U.S. Census Bureau,census,ftd/BOPGS/EXP,"Millions USD (fmt usd_compact, scale 1000000)",M,SA,"census:ft900; Monthly, ~5 weeks after ref month (FT-900, joint Census/BEA); lag {""kind"": ""period_end_plus_days"", ""days"": 42, ""time_et"": ""08:30""}",calendar month,census:ft900 (census_page/authoritative_page),line; max_age_days 45,paid (require_bars_access -> meets_plan_gate; the one bars gate),seasonal_factor_revision,enabled,False,,CURRENT,415,1992-01-01,2026-07-01,415,310723,L:415,rejects 0; leaks 0,conservative:338 exact:77,0,clean,
ECON:USIMPORTS,USIMPORTS,Imports of Goods & Services,Trade,U.S. Census Bureau,census,ftd/BOPGS/IMP,"Millions USD (fmt usd_compact, scale 1000000)",M,SA,"census:ft900; Monthly, ~5 weeks after ref month (FT-900, joint Census/BEA); lag {""kind"": ""period_end_plus_days"", ""days"": 42, ""time_et"": ""08:30""}",calendar month,census:ft900 (census_page/authoritative_page),line; max_age_days 45,paid (require_bars_access -> meets_plan_gate; the one bars gate),seasonal_factor_revision,enabled,False,,CURRENT,415,1992-01-01,2026-07-01,415,399299,L:415,rejects 0; leaks 0,conservative:338 exact:77,0,clean,
ECON:USGOODSBAL,USGOODSBAL,Trade Balance: Goods (BOP basis),Trade,U.S. Census Bureau,census,ftd/BOPG/BAL?,"Millions USD (fmt usd_compact, scale 1000000)",M,SA,"census:ft900; Monthly, ~5 weeks after ref month (FT-900, joint Census/BEA); lag {""kind"": ""period_end_plus_days"", ""days"": 42, ""time_et"": ""08:30""}",calendar month,census:ft900 (census_page/authoritative_page),histogram; max_age_days 45,paid (require_bars_access -> meets_plan_gate; the one bars gate),seasonal_factor_revision,unverified,False,SOURCE: Census econ_export FTD BOPG/BAL returns NA for every 2026 month (live 2026-09-30); no keyless goods-only BOP balance series found,,0,,,0,,,rejects 0; leaks 0,,0,clean,
ECON:USPRIME,USPRIME,Bank Prime Loan Rate,Rates & Fed,Board of Governors of the Federal Reserve System,fed_ddp,H15/H15/RIFSPBLP_N.B,"Percent (fmt pct2, scale 1)",D,NSA,"fed:h15; Daily (business days); weekly H.15 release Mondays; lag {""kind"": ""business_days_after"", ""days"": 1, ""time_et"": ""16:15""}",business day (period = the day),fed:h15 (rule/rule),step; max_age_days 10,paid (require_bars_access -> meets_plan_gate; the one bars gate),none,enabled,False,,CURRENT,18135,1955-08-04,2026-09-28,18135,7,U:18135,rejects 0; leaks 0,conservative:11132 reconstructed:7003,0,clean,
ECON:USDISCRATE,USDISCRATE,Primary Credit (Discount) Rate,Rates & Fed,Board of Governors of the Federal Reserve System,fed_ddp,H15/H15/RIFSRP_F02_N.B,"Percent (fmt pct2, scale 1)",D,NSA,"fed:h15; Daily (business days); weekly H.15 release Mondays; lag {""kind"": ""business_days_after"", ""days"": 1, ""time_et"": ""16:15""}",business day (period = the day),fed:h15 (rule/rule),step; max_age_days 10,paid (require_bars_access -> meets_plan_gate; the one bars gate),none,enabled,False,,CURRENT,6188,2003-01-09,2026-09-28,6188,4,U:6188,rejects 0; leaks 0,reconstructed:6188,0,clean,
ECON:UST3M,UST3M,3M Treasury Constant Maturity Yield,Rates & Fed,Board of Governors of the Federal Reserve System,fed_ddp,H15/H15/RIFLGFCM03_N.B,"Percent (fmt pct2, scale 1)",D,NSA,"fed:h15; Daily (business days); weekly H.15 release Mondays; lag {""kind"": ""business_days_after"", ""days"": 1, ""time_et"": ""16:15""}",business day (period = the day),fed:h15 (rule/rule),line; max_age_days 10,paid (require_bars_access -> meets_plan_gate; the one bars gate),none,enabled,False,,CURRENT,11268,1981-09-01,2026-09-28,11268,4.28,U:11268,rejects 0; leaks 0,conservative:4329 reconstructed:6939,0,clean,
ECON:UST6M,UST6M,6M Treasury Constant Maturity Yield,Rates & Fed,Board of Governors of the Federal Reserve System,fed_ddp,H15/H15/RIFLGFCM06_N.B,"Percent (fmt pct2, scale 1)",D,NSA,"fed:h15; Daily (business days); weekly H.15 release Mondays; lag {""kind"": ""business_days_after"", ""days"": 1, ""time_et"": ""16:15""}",business day (period = the day),fed:h15 (rule/rule),line; max_age_days 10,paid (require_bars_access -> meets_plan_gate; the one bars gate),none,enabled,False,,CURRENT,11268,1981-09-01,2026-09-28,11268,4.41,U:11268,rejects 0; leaks 0,conservative:4329 reconstructed:6939,0,clean,
ECON:UST1Y,UST1Y,1Y Treasury Constant Maturity Yield,Rates & Fed,Board of Governors of the Federal Reserve System,fed_ddp,H15/H15/RIFLGFCY01_N.B,"Percent (fmt pct2, scale 1)",D,NSA,"fed:h15; Daily (business days); weekly H.15 release Mondays; lag {""kind"": ""business_days_after"", ""days"": 1, ""time_et"": ""16:15""}",business day (period = the day),fed:h15 (rule/rule),line; max_age_days 10,paid (require_bars_access -> meets_plan_gate; the one bars gate),none,enabled,False,,CURRENT,16170,1962-01-02,2026-09-28,16170,4.59,U:16170,rejects 0; leaks 0,conservative:9231 reconstructed:6939,0,clean,
ECON:UST5Y,UST5Y,5Y Treasury Constant Maturity Yield,Rates & Fed,Board of Governors of the Federal Reserve System,fed_ddp,H15/H15/RIFLGFCY05_N.B,"Percent (fmt pct2, scale 1)",D,NSA,"fed:h15; Daily (business days); weekly H.15 release Mondays; lag {""kind"": ""business_days_after"", ""days"": 1, ""time_et"": ""16:15""}",business day (period = the day),fed:h15 (rule/rule),line; max_age_days 10,paid (require_bars_access -> meets_plan_gate; the one bars gate),none,enabled,False,,CURRENT,16170,1962-01-02,2026-09-28,16170,5.06,U:16170,rejects 0; leaks 0,conservative:9231 reconstructed:6939,0,clean,
ECON:UST30Y,UST30Y,30Y Treasury Constant Maturity Yield,Rates & Fed,Board of Governors of the Federal Reserve System,fed_ddp,H15/H15/RIFLGFCY30_N.B,"Percent (fmt pct2, scale 1)",D,NSA,"fed:h15; Daily (business days); weekly H.15 release Mondays; lag {""kind"": ""business_days_after"", ""days"": 1, ""time_et"": ""16:15""}",business day (period = the day),fed:h15 (rule/rule),line; max_age_days 10,paid (require_bars_access -> meets_plan_gate; the one bars gate),none,enabled,False,,CURRENT,12400,1977-02-15,2026-09-28,12400,5.56,U:12400,rejects 0; leaks 0,conservative:5461 reconstructed:6939,0,clean,
ECON:UST5YTIPS,UST5YTIPS,5Y TIPS Real Yield (constant maturity),Rates & Fed,Board of Governors of the Federal Reserve System,fed_ddp,H15/H15/RIFLGFCY05_XII_N.B,"Percent (fmt pct2, scale 1)",D,NSA,"fed:h15; Daily (business days); weekly H.15 release Mondays; lag {""kind"": ""business_days_after"", ""days"": 1, ""time_et"": ""16:15""}",business day (period = the day),fed:h15 (rule/rule),line; max_age_days 10,paid (require_bars_access -> meets_plan_gate; the one bars gate),none,enabled,False,,CURRENT,5939,2003-01-02,2026-09-28,5939,2.73,U:5939,rejects 0; leaks 0,reconstructed:5939,0,clean,
ECON:UST10YTIPS,UST10YTIPS,10Y TIPS Real Yield (constant maturity),Rates & Fed,Board of Governors of the Federal Reserve System,fed_ddp,H15/H15/RIFLGFCY10_XII_N.B,"Percent (fmt pct2, scale 1)",D,NSA,"fed:h15; Daily (business days); weekly H.15 release Mondays; lag {""kind"": ""business_days_after"", ""days"": 1, ""time_et"": ""16:15""}",business day (period = the day),fed:h15 (rule/rule),line; max_age_days 10,paid (require_bars_access -> meets_plan_gate; the one bars gate),none,enabled,False,,CURRENT,5939,2003-01-02,2026-09-28,5939,2.9,U:5939,rejects 0; leaks 0,reconstructed:5939,0,clean,
ECON:UST10Y3M,UST10Y3M,10Y-3M Treasury Spread,Rates & Fed,UCT (derived from Treasury/H.15),derived,"{""op"": ""spread"", ""inputs"": [""UST10Y"", ""UST3M""], ""params"": {}, ""version"": 1}","Percentage points (fmt pp2, scale 1)",D,NSA,"fed:h15; Daily; lag {""kind"": ""derived"", ""days"": null, ""time_et"": null}",business day (period = the day),fed:h15 (rule/rule),line; max_age_days 10,paid (require_bars_access -> meets_plan_gate; the one bars gate),none,enabled,False,,CURRENT,11268,1981-09-01,2026-09-28,11268,0.96,U:11268,rejects 0; leaks 0,derived:11268,0,clean,
ECON:UST10YBE,UST10YBE,10Y Breakeven Inflation,Rates & Fed,UCT (derived from Treasury/H.15),derived,"{""op"": ""spread"", ""inputs"": [""UST10Y"", ""UST10YTIPS""], ""params"": {}, ""version"": 1}","Percentage points (fmt pp2, scale 1)",D,NSA,"fed:h15; Daily; lag {""kind"": ""derived"", ""days"": null, ""time_et"": null}",business day (period = the day),fed:h15 (rule/rule),line; max_age_days 10,paid (require_bars_access -> meets_plan_gate; the one bars gate),none,enabled,False,,CURRENT,5939,2003-01-02,2026-09-28,5939,2.34,U:5939,rejects 0; leaks 0,derived:5939,0,clean,
ECON:UST5YBE,UST5YBE,5Y Breakeven Inflation,Rates & Fed,UCT (derived from Treasury/H.15),derived,"{""op"": ""spread"", ""inputs"": [""UST5Y"", ""UST5YTIPS""], ""params"": {}, ""version"": 1}","Percentage points (fmt pp2, scale 1)",D,NSA,"fed:h15; Daily; lag {""kind"": ""derived"", ""days"": null, ""time_et"": null}",business day (period = the day),fed:h15 (rule/rule),line; max_age_days 10,paid (require_bars_access -> meets_plan_gate; the one bars gate),none,enabled,False,,CURRENT,5939,2003-01-02,2026-09-28,5939,2.33,U:5939,rejects 0; leaks 0,derived:5939,0,clean,
ECON:USFEDUST,USFEDUST,Fed Holdings: U.S. Treasury Securities,Money & Liquidity,Board of Governors of the Federal Reserve System,fed_ddp,H41/H41/RESPPALGUO_N.WW,"Millions USD (fmt usd_compact, scale 1000000)",W/WED,NSA,"fed:h41; Weekly, Thursday (Wednesday data); lag {""kind"": ""period_end_plus_days"", ""days"": 2, ""time_et"": ""16:30""}","week ending WED (period = 7 days, label = end date)",fed:h41 (rule/rule),line; max_age_days 13,paid (require_bars_access -> meets_plan_gate; the one bars gate),none,enabled,False,,CURRENT,1241,2002-12-12,2026-09-17,1241,4.55833e+06,U:1241,rejects 0; leaks 0,exact:402 reconstructed:839,0,clean,
ECON:USRESBAL,USRESBAL,Reserve Balances with Federal Reserve Banks,Money & Liquidity,Board of Governors of the Federal Reserve System,fed_ddp,H41/H41/RESH4R_N.WW,"Millions USD (fmt usd_compact, scale 1000000)",W/WED,NSA,"fed:h41; Weekly, Thursday (Wednesday data); lag {""kind"": ""period_end_plus_days"", ""days"": 2, ""time_et"": ""16:30""}","week ending WED (period = 7 days, label = end date)",fed:h41 (rule/rule),line; max_age_days 13,paid (require_bars_access -> meets_plan_gate; the one bars gate),none,enabled,False,,CURRENT,1241,2002-12-12,2026-09-17,1241,2.96992e+06,U:1241,rejects 0; leaks 0,exact:402 reconstructed:839,0,clean,
ECON:USTGAFED,USTGAFED,"Treasury General Account (H.4.1, Wed level)",Money & Liquidity,Board of Governors of the Federal Reserve System,fed_ddp,H41/H41/RESPPLLDT_N.WW,"Millions USD (fmt usd_compact, scale 1000000)",W/WED,NSA,"fed:h41; Weekly, Thursday (Wednesday data); lag {""kind"": ""period_end_plus_days"", ""days"": 2, ""time_et"": ""16:30""}","week ending WED (period = 7 days, label = end date)",fed:h41 (rule/rule),line; max_age_days 13,paid (require_bars_access -> meets_plan_gate; the one bars gate),none,enabled,False,,CURRENT,1241,2002-12-12,2026-09-17,1241,947317,U:1241,rejects 0; leaks 0,exact:402 reconstructed:839,0,clean,
ECON:USM1,USM1,M1 Money Stock (SA),Money & Liquidity,Board of Governors of the Federal Reserve System,fed_ddp,H6/H6_M1/M1.M,"Billions USD (fmt usd_compact, scale 1000000000)",M,SA,"fed:h6; Monthly, ~4th Tuesday; lag {""kind"": ""period_end_plus_days"", ""days"": 30, ""time_et"": ""13:00""}",calendar month,fed:h6 (rule/rule),line; max_age_days 45,paid (require_bars_access -> meets_plan_gate; the one bars gate),seasonal_factor_revision,enabled,False,,CURRENT,812,1959-01-01,2026-08-01,812,19991.1,L:812,rejects 0; leaks 0,exact:44 reconstructed:768,0,clean,
ECON:USMONBASE,USMONBASE,Monetary Base (NSA),Money & Liquidity,Board of Governors of the Federal Reserve System,fed_ddp,H6/H6_MBASE/RESMO14A_N.M,"Billions USD (fmt usd_compact, scale 1000000000)",M,NSA,"fed:h6; Monthly, ~4th Tuesday; lag {""kind"": ""period_end_plus_days"", ""days"": 30, ""time_et"": ""13:00""}",calendar month,fed:h6 (rule/rule),line; max_age_days 45,paid (require_bars_access -> meets_plan_gate; the one bars gate),minor_routine,enabled,False,,CURRENT,812,1959-01-01,2026-08-01,812,5411.6,L:812,rejects 0; leaks 0,exact:44 reconstructed:768,0,clean,
ECON:USM2YOY,USM2YOY,M2 YoY %,Money & Liquidity,UCT (derived from Fed H.6),derived,"{""op"": ""yoy_pct"", ""inputs"": [""USM2""], ""params"": {}, ""version"": 1}","Percent (fmt pct1, scale 1)",M,SA-based,"fed:h6; Monthly; lag {""kind"": ""derived"", ""days"": null, ""time_et"": null}",calendar month,fed:h6 (rule/rule),line; max_age_days 45,paid (require_bars_access -> meets_plan_gate; the one bars gate),seasonal_factor_revision,enabled,False,,CURRENT,800,1960-01-01,2026-08-01,800,5.65891,L:800,rejects 0; leaks 0,derived:800,0,clean,
ECON:USBANKCRED,USBANKCRED,"Bank Credit, All Commercial Banks (weekly SA)",Credit & Banking,Board of Governors of the Federal Reserve System,fed_ddp,H8/H8/B1001NCBA,"Millions USD (fmt usd_compact, scale 1000000)",W/WED,SA,"fed:h8; Weekly, Friday 16:15 ET (Wednesday level of the previous week); lag {""kind"": ""period_end_plus_days"", ""days"": 9, ""time_et"": ""16:15""}","week ending WED (period = 7 days, label = end date)",fed:h8 (rule/rule),line; max_age_days 13,paid (require_bars_access -> meets_plan_gate; the one bars gate),minor_routine,enabled,False,,CURRENT,2803,1972-12-28,2026-09-10,2803,1.98763e+07,L:2803,rejects 0; leaks 0,conservative:1221 exact:400 reconstructed:1182,0,clean,
ECON:USCILOANS,USCILOANS,"Commercial & Industrial Loans, All Commercial Banks (weekly SA)",Credit & Banking,Board of Governors of the Federal Reserve System,fed_ddp,H8/H8/B1023NCBA,"Millions USD (fmt usd_compact, scale 1000000)",W/WED,SA,"fed:h8; Weekly, Friday 16:15 ET (Wednesday level of the previous week); lag {""kind"": ""period_end_plus_days"", ""days"": 9, ""time_et"": ""16:15""}","week ending WED (period = 7 days, label = end date)",fed:h8 (rule/rule),line; max_age_days 13,paid (require_bars_access -> meets_plan_gate; the one bars gate),minor_routine,enabled,False,,CURRENT,2803,1972-12-28,2026-09-10,2803,2.96527e+06,L:2803,rejects 0; leaks 0,conservative:1221 exact:400 reconstructed:1182,0,clean,
ECON:USDEPOSITS,USDEPOSITS,"Deposits, All Commercial Banks (monthly SA)",Credit & Banking,Board of Governors of the Federal Reserve System,fed_ddp,H8/H8/B1058NCBAM,"Millions USD (fmt usd_compact, scale 1000000)",M,SA,"fed:h8; Weekly, Friday (week ending Wednesday); lag {""kind"": ""period_end_plus_days"", ""days"": 5, ""time_et"": ""16:15""}",calendar month,fed:h8 (rule/rule),line; max_age_days 45,paid (require_bars_access -> meets_plan_gate; the one bars gate),minor_routine,unverified,False,"RELEASE SEMANTICS: monthly-average deposits (B1058NCBAM); which weekly H.8 release first carries a month is not evidenced and the pe+5 lag is earlier than the H.8 Friday/+9 practice; fed:h8 events are weekly labels (no monthly expectation). Data validates (644 months, units corrected)",,0,,,0,,,rejects 0; leaks 0,,0,clean,
ECON:USCONSCRED,USCONSCRED,"Consumer Credit Outstanding, Total (SA)",Credit & Banking,Board of Governors of the Federal Reserve System,fed_ddp,G19/CCOUT/DTCTL.M,"Millions USD (fmt usd_compact, scale 1000000)",M,SA,"fed:g19; Monthly, ~5th business day (2-mo lag); lag {""kind"": ""period_end_plus_days"", ""days"": 42, ""time_et"": ""15:00""}",calendar month,fed:g19 (fed_g19/configured),line; max_age_days 45,paid (require_bars_access -> meets_plan_gate; the one bars gate),minor_routine,enabled,False,,CURRENT,1003,1943-01-01,2026-07-01,1003,5.1862e+06,L:1003,rejects 0; leaks 0,conservative:639 exact:92 reconstructed:272,0,clean,
ECON:USCONSCREDCHG,USCONSCREDCHG,Consumer Credit Monthly Change,Credit & Banking,UCT (derived from Fed G.19),derived,"{""op"": ""diff"", ""inputs"": [""USCONSCRED""], ""params"": {""n"": 1}, ""version"": 1}","Millions USD (fmt usd_compact, scale 1000000)",M,SA-based,"fed:g19; Monthly; lag {""kind"": ""derived"", ""days"": null, ""time_et"": null}",calendar month,fed:g19 (fed_g19/configured),histogram; max_age_days 45,paid (require_bars_access -> meets_plan_gate; the one bars gate),minor_routine,enabled,False,,CURRENT,1002,1943-02-01,2026-07-01,1002,18062.4,L:1002,rejects 0; leaks 0,derived:1002,0,clean,
ECON:USMFGPROD,USMFGPROD,Manufacturing Production (NAICS),Manufacturing & Business,Board of Governors of the Federal Reserve System,fed_ddp,G17/IP_MAJOR_INDUSTRY_GROUPS/IP.GMF.S,"Index 2017=100 (fmt num1, scale 1)",M,SA,"fed:g17; Monthly, ~mid-month; lag {""kind"": ""period_end_plus_days"", ""days"": 20, ""time_et"": ""09:15""}",calendar month,fed:g17 (fed_g17/configured),line; max_age_days 45,paid (require_bars_access -> meets_plan_gate; the one bars gate),annual_benchmark,enabled,False,,CURRENT,656,1972-01-01,2026-08-01,656,99.0964,L:656,rejects 0; leaks 0,conservative:316 exact:340,0,clean,
ECON:USCAPUTIL,USCAPUTIL,"Capacity Utilization, Total Industry",Manufacturing & Business,Board of Governors of the Federal Reserve System,fed_ddp,G17/CAPUTL/CAPUTL.B50001.S,"Percent of capacity (fmt pct1, scale 1)",M,SA,"fed:g17; Monthly, ~mid-month; lag {""kind"": ""period_end_plus_days"", ""days"": 20, ""time_et"": ""09:15""}",calendar month,fed:g17 (fed_g17/configured),line; max_age_days 45,paid (require_bars_access -> meets_plan_gate; the one bars gate),annual_benchmark,enabled,False,,CURRENT,716,1967-01-01,2026-08-01,716,76.2717,L:716,rejects 0; leaks 0,conservative:376 exact:340,0,clean,
ECON:USDOLLARIDX,USDOLLARIDX,Nominal Broad U.S. Dollar Index,Trade,Board of Governors of the Federal Reserve System,fed_ddp,H10/H10/JRXWTFB_N.B,"Index Jan 2006=100 (fmt num1, scale 1)",D,NSA,"fed:h10; Weekly H.10 (Monday), daily data; lag {""kind"": ""period_end_plus_days"", ""days"": 10, ""time_et"": ""16:15""}",business day (period = the day),fed:h10 (rule/rule),line; max_age_days 10,paid (require_bars_access -> meets_plan_gate; the one bars gate),none,enabled,False,,CURRENT,5198,2006-01-02,2026-09-25,5198,120.33,U:5198,rejects 0; leaks 0,exact:1838 reconstructed:3360,0,clean,
ECON:USSCEINF1Y,USSCEINF1Y,NY Fed SCE Median 1-Yr-Ahead Inflation Expectations,Inflation & Prices,Federal Reserve Bank of New York,regional_fed_file,"SCE chart-data xlsx (Inflation expectations, 1-yr median)","Percent (fmt pct1, scale 1)",M,NSA,"nyfed:sce; Monthly, ~2nd Monday; lag {""kind"": ""period_end_plus_days"", ""days"": 20, ""time_et"": ""11:00""}",calendar month,nyfed:sce (UNKNOWN calendar),line; max_age_days 45,paid (require_bars_access -> meets_plan_gate; the one bars gate),none,unverified,False,NEW ADAPTER CODE: regional_fed_file (NY Fed SCE chart-data xlsx) not implemented; no nyfed:sce calendar,,0,,,0,,,rejects 0; leaks 0,,0,clean,
ECON:USTIC,USTIC,Foreign Holdings of U.S. Treasuries (Major Foreign Holders total),Trade,U.S. Department of the Treasury,treasury_tic,treasury.gov/resource-center/data-chart-center/tic mfh.txt (Grand Total),"Billions USD (fmt usd_compact, scale 1000000000)",M,NSA,"treasury:tic; Monthly, ~18th (2-mo lag); lag {""kind"": ""period_end_plus_days"", ""days"": 50, ""time_et"": ""16:00""}",calendar month,treasury:tic (UNKNOWN calendar),line; max_age_days 45,paid (require_bars_access -> meets_plan_gate; the one bars gate),annual_benchmark,unverified,False,NEW ADAPTER CODE: treasury_tic (mfh.txt) not implemented; no treasury:tic calendar,,0,,,0,,,rejects 0; leaks 0,,0,clean,
ECON:USIORB,USIORB,Interest Rate on Reserve Balances,Rates & Fed,Board of Governors of the Federal Reserve System,fed_policy,(no DDP mnemonic found in H.15 package),"Percent (fmt pct2, scale 1)",D,NSA,"fed:policy; Changes on FOMC decision; lag {""kind"": ""period_end_plus_days"", ""days"": 0, ""time_et"": ""14:00""}",business day (period = the day),fed:policy (UNKNOWN calendar),step; max_age_days 10,paid (require_bars_access -> meets_plan_gate; the one bars gate),none,unverified,False,NEW ADAPTER CODE: fed_policy (IORB has no DDP mnemonic) not implemented; event-driven fed:policy calendar not built,,0,,,0,,,rejects 0; leaks 0,,0,clean,
ECON:USDEBTPUB,USDEBTPUB,Debt Held by the Public,Government & Fiscal,"U.S. Treasury, Bureau of the Fiscal Service",fiscaldata,v2/accounting/od/debt_to_penny : debt_held_public_amt,"USD (fmt usd_compact, scale 1)",D,NSA,"fiscal:dtp; Daily, next business day; lag {""kind"": ""business_days_after"", ""days"": 1, ""time_et"": ""17:00""}",business day (period = the day),fiscal:dtp (rule/rule),line; max_age_days 10,paid (require_bars_access -> meets_plan_gate; the one bars gate),none,enabled,False,,CURRENT,8402,1993-04-01,2026-09-28,8402,3.23863e+13,L:3004 U:5398,rejects 0; leaks 0,conservative:76 reconstructed:8326,0,clean,
ECON:USMTSREC,USMTSREC,Monthly Federal Receipts (MTS),Government & Fiscal,"U.S. Treasury, Bureau of the Fiscal Service",fiscaldata,v1/accounting/mts/mts_table_1 : current_month_gross_rcpt_amt,"USD (fmt usd_compact, scale 1)",M,NSA,"fiscal:mts; Monthly, 8th business day; lag {""kind"": ""period_end_plus_days"", ""days"": 15, ""time_et"": ""14:00""}",calendar month,fiscal:mts (fiscal_feed/authoritative_feed),histogram; max_age_days 45,paid (require_bars_access -> meets_plan_gate; the one bars gate),minor_routine,enabled,False,,CURRENT,155,2013-10-01,2026-08-01,155,3.60033e+11,L:155,rejects 0; leaks 0,conservative:155,0,clean,
ECON:USMTSOUT,USMTSOUT,Monthly Federal Outlays (MTS),Government & Fiscal,"U.S. Treasury, Bureau of the Fiscal Service",fiscaldata,v1/accounting/mts/mts_table_1 : current_month_gross_outly_amt,"USD (fmt usd_compact, scale 1)",M,NSA,"fiscal:mts; Monthly, 8th business day; lag {""kind"": ""period_end_plus_days"", ""days"": 15, ""time_et"": ""14:00""}",calendar month,fiscal:mts (fiscal_feed/authoritative_feed),histogram; max_age_days 45,paid (require_bars_access -> meets_plan_gate; the one bars gate),minor_routine,enabled,False,,CURRENT,155,2013-10-01,2026-08-01,155,5.2683e+11,L:155,rejects 0; leaks 0,conservative:155,0,clean,
ECON:USMTSINT,USMTSINT,Monthly Interest on Treasury Debt Securities (MTS),Government & Fiscal,"U.S. Treasury, Bureau of the Fiscal Service",fiscaldata,v1/accounting/mts/mts_table_5 : 'Interest on Treasury Debt Securities (Gross)' current_month_gross_outly_amt?,"USD (fmt usd_compact, scale 1)",M,NSA,"fiscal:mts; Monthly, 8th business day; lag {""kind"": ""period_end_plus_days"", ""days"": 15, ""time_et"": ""14:00""}",calendar month,fiscal:mts (fiscal_feed/authoritative_feed),histogram; max_age_days 45,paid (require_bars_access -> meets_plan_gate; the one bars gate),minor_routine,unverified,False,"NEW ADAPTER CODE: MTS table 5 rows are not month-named, so the fiscaldata adapter takes the DAILY path and emits no monthly observation (live 2026-09-30: 0 rows)",,0,,,0,,,rejects 0; leaks 0,,0,clean,
ECON:USDEFICIT12M,USDEFICIT12M,"Federal Deficit, 12-Month Rolling Sum",Government & Fiscal,UCT (derived from Treasury MTS),derived,"{""op"": ""sum"", ""inputs"": [""USMTSDEF""], ""params"": {""n"": 12}, ""version"": 1}","USD (fmt usd_compact, scale 1)",M,NSA,"fiscal:mts; Monthly; lag {""kind"": ""derived"", ""days"": null, ""time_et"": null}",calendar month,fiscal:mts (fiscal_feed/authoritative_feed),line; max_age_days 45,paid (require_bars_access -> meets_plan_gate; the one bars gate),minor_routine,enabled,False,,CURRENT,144,2014-09-01,2026-08-01,144,1.76765e+12,L:144,rejects 0; leaks 0,derived:144,0,clean,
ECON:USSPR,USSPR,Strategic Petroleum Reserve Stocks,Energy,U.S. Energy Information Administration,eia,PET.WCSSTUS1.W,"Thousand barrels (fmt mbbl, scale 1000)",W/FRI,NSA,"eia:wpsr; Weekly, Wednesday (WPSR; Thu after holidays); lag {""kind"": ""period_end_plus_days"", ""days"": 6, ""time_et"": ""11:00""}","week ending FRI (period = 7 days, label = end date)",eia:wpsr (rule/rule),line; max_age_days 13,paid (require_bars_access -> meets_plan_gate; the one bars gate),minor_routine,enabled,False,,CHECKING,2295,1982-08-14,2026-09-12,2295,284552,L:2295,rejects 0; leaks 0,conservative:1504 exact:672 reconstructed:119,0,clean,
ECON:USCRUDEPROD,USCRUDEPROD,U.S. Crude Oil Field Production (weekly),Energy,U.S. Energy Information Administration,eia,PET.WCRFPUS2.W,"Thousand barrels/day (fmt num0, scale 1000)",W/FRI,NSA,"eia:wpsr; Weekly, Wednesday (WPSR; Thu after holidays); lag {""kind"": ""period_end_plus_days"", ""days"": 6, ""time_et"": ""11:00""}","week ending FRI (period = 7 days, label = end date)",eia:wpsr (rule/rule),line; max_age_days 13,paid (require_bars_access -> meets_plan_gate; the one bars gate),minor_routine,enabled,False,,CHECKING,2278,1983-01-01,2026-09-12,2278,13939,L:2278,rejects 0; leaks 0,conservative:1487 exact:672 reconstructed:119,0,clean,
ECON:USGASINV,USGASINV,Total Motor Gasoline Inventories,Energy,U.S. Energy Information Administration,eia,PET.WGTSTUS1.W,"Thousand barrels (fmt mbbl, scale 1000)",W/FRI,NSA,"eia:wpsr; Weekly, Wednesday (WPSR; Thu after holidays); lag {""kind"": ""period_end_plus_days"", ""days"": 6, ""time_et"": ""11:00""}","week ending FRI (period = 7 days, label = end date)",eia:wpsr (rule/rule),line; max_age_days 13,paid (require_bars_access -> meets_plan_gate; the one bars gate),minor_routine,enabled,False,,CHECKING,1916,1989-12-30,2026-09-12,1916,206046,L:1916,rejects 0; leaks 0,conservative:1125 exact:672 reconstructed:119,0,clean,
ECON:USDISTINV,USDISTINV,Distillate Fuel Oil Inventories,Energy,U.S. Energy Information Administration,eia,PET.WDISTUS1.W,"Thousand barrels (fmt mbbl, scale 1000)",W/FRI,NSA,"eia:wpsr; Weekly, Wednesday (WPSR; Thu after holidays); lag {""kind"": ""period_end_plus_days"", ""days"": 6, ""time_et"": ""11:00""}","week ending FRI (period = 7 days, label = end date)",eia:wpsr (rule/rule),line; max_age_days 13,paid (require_bars_access -> meets_plan_gate; the one bars gate),minor_routine,enabled,False,,CHECKING,2295,1982-08-14,2026-09-12,2295,107431,L:2295,rejects 0; leaks 0,conservative:1504 exact:672 reconstructed:119,0,clean,
ECON:USREFUTIL,USREFUTIL,Refinery Utilization (% of operable capacity),Energy,U.S. Energy Information Administration,eia,PET.WPULEUS3.W,"Percent (fmt pct1, scale 1)",W/FRI,NSA,"eia:wpsr; Weekly, Wednesday (WPSR; Thu after holidays); lag {""kind"": ""period_end_plus_days"", ""days"": 6, ""time_et"": ""11:00""}","week ending FRI (period = 7 days, label = end date)",eia:wpsr (rule/rule),line; max_age_days 13,paid (require_bars_access -> meets_plan_gate; the one bars gate),minor_routine,enabled,False,,CHECKING,1873,1990-10-27,2026-09-12,1873,94,L:1873,rejects 0; leaks 0,conservative:1082 exact:672 reconstructed:119,0,clean,
ECON:USDIESELPRICE,USDIESELPRICE,Retail Diesel Price (U.S. average),Energy,U.S. Energy Information Administration,eia,PET.EMD_EPD2D_PTE_NUS_DPG.W,"USD per gallon (fmt usd3, scale 1)",W/MON,NSA,"eia:gasdiesel; Weekly, Monday; lag {""kind"": ""period_end_plus_days"", ""days"": 1, ""time_et"": ""17:00""}","week ending MON (period = 7 days, label = end date)",eia:gasdiesel (rule/rule),line; max_age_days 13,paid (require_bars_access -> meets_plan_gate; the one bars gate),minor_routine,enabled,False,,CURRENT,1698,1994-03-15,2026-09-22,1698,6.382,L:1698,rejects 0; leaks 0,conservative:311 reconstructed:1387,0,clean,
ECON:USNATGASSTOR,USNATGASSTOR,Natural Gas Working Gas in Storage (Lower 48),Energy,U.S. Energy Information Administration,eia,NG.NW2_EPG0_SWO_R48_BCF.W,"Billion cubic feet (fmt bcf, scale 1000000000)",W/FRI,NSA,"eia:ngs; Weekly, Thursday; lag {""kind"": ""period_end_plus_days"", ""days"": 7, ""time_et"": ""10:30""}","week ending FRI (period = 7 days, label = end date)",eia:ngs (rule/rule),line; max_age_days 13,paid (require_bars_access -> meets_plan_gate; the one bars gate),minor_routine,unverified,False,SOURCE (keyless): EIA dnav LeafHandler 404s for NG and the static NG history page is stale (Release Date 10/30/2025); needs EIA_API_KEY (v2) -- verify keyed in production. Calendar eia:ngs is built and tested,,0,,,0,,,rejects 0; leaks 0,,0,clean,
ECON:USNATGASCHG,USNATGASCHG,Natural Gas Storage Weekly Change (injection/withdrawal),Energy,UCT (derived from EIA),derived,"{""op"": ""diff"", ""inputs"": [""USNATGASSTOR""], ""params"": {""n"": 1}, ""version"": 1}","Billion cubic feet (fmt bcf, scale 1000000000)",W/FRI,NSA,"eia:ngs; Weekly, Thursday; lag {""kind"": ""derived"", ""days"": null, ""time_et"": null}","week ending FRI (period = 7 days, label = end date)",eia:ngs (rule/rule),histogram; max_age_days 13,paid (require_bars_access -> meets_plan_gate; the one bars gate),minor_routine,unverified,False,input USNATGASSTOR not enabled,,0,,,0,,,rejects 0; leaks 0,,0,clean,
ECON:USCRUDEINVCHG,USCRUDEINVCHG,Crude Inventories ex SPR Weekly Change,Energy,UCT (derived from EIA),derived,"{""op"": ""diff"", ""inputs"": [""USCRUDEINV""], ""params"": {""n"": 1}, ""version"": 1}","Thousand barrels (fmt mbbl, scale 1000)",W/FRI,NSA,"eia:wpsr; Weekly, Wednesday; lag {""kind"": ""derived"", ""days"": null, ""time_et"": null}","week ending FRI (period = 7 days, label = end date)",eia:wpsr (rule/rule),histogram; max_age_days 13,paid (require_bars_access -> meets_plan_gate; the one bars gate),minor_routine,enabled,False,,CHECKING,2290,1982-08-21,2026-09-12,2290,2969,L:2290,rejects 0; leaks 0,derived:2290,0,clean,
ECON:USFHFAHPIYOY,USFHFAHPIYOY,FHFA HPI YoY %,Housing,UCT (derived from FHFA),derived,"{""op"": ""yoy_pct"", ""inputs"": [""USFHFAHPI""], ""params"": {}, ""version"": 1}","Percent (fmt pct1, scale 1)",M,SA-based,"fhfa:hpi_monthly; Monthly; lag {""kind"": ""derived"", ""days"": null, ""time_et"": null}",calendar month,fhfa:hpi_monthly (fhfa_hpi/configured),line; max_age_days 45,paid (require_bars_access -> meets_plan_gate; the one bars gate),minor_routine,enabled,False,,CURRENT,415,1992-01-01,2026-07-01,415,2.57169,L:415,rejects 0; leaks 0,derived:415,0,clean,
