CreatedDate,CreatedTime,Symbol,Type,Volume,Price,Side,CallPut,Strike,Spot,Premium,ExpirationDate,Color,ImpliedVolatility,Dte,ER,StockEtf,Sector,Uoa,Weekly,MktCap,OI
6/2/2026,4:14:54 PM,QQQ,SWEEP,725,0.442,BB,CALL,754,746.77,32070,6/3/2026,YELLOW,0.17,1,F,ETF,None,F,T,488761000000,561
6/2/2026,4:14:44 PM,QQQ,SWEEP,1407,0.478,A,CALL,754,746.97,67212,6/3/2026,YELLOW,0.17,1,F,ETF,None,F,T,488761000000,561
6/2/2026,4:14:11 PM,QQQ,SWEEP,542,1.932,B,PUT,745,747.1,104734,6/3/2026,MAGENTA,0.18,1,F,ETF,None,F,T,488761000000,5186
6/2/2026,4:14:02 PM,QQQ,BLOCK,151,3.73,A,PUT,749,747.0500000000001,56322,6/3/2026,YELLOW,0.17,1,F,ETF,None,F,T,488761000000,35
6/2/2026,4:13:54 PM,IWM,BLOCK,500,3.88,A,PUT,277,291.4361,194000,7/17/2026,WHITE,0.24,45,F,ETF,None,F,F,78793000000,60492
6/2/2026,4:13:48 PM,SPY,SWEEP,106,12.1,B,CALL,758,759.9000000000001,128260,6/30/2026,WHITE,0.13,28,F,ETF,None,F,F,781657000000,935
6/2/2026,4:12:40 PM,SPY,SWEEP,5000,1.234,AA,PUT,723,759.9000000000001,617195,6/18/2026,YELLOW,0.18,16,F,ETF,None,F,F,781657000000,3977
6/2/2026,4:12:23 PM,SPY,BLOCK,200,41.0,A,CALL,721,759.9200000000001,820000,6/18/2026,WHITE,0.2,16,F,ETF,None,F,F,781657000000,3352
6/2/2026,4:12:18 PM,SPY,BLOCK,2000,4.94,B,PUT,722,759.94,988000,7/17/2026,YELLOW,0.18,45,F,ETF,None,F,F,781657000000,457
6/2/2026,4:12:03 PM,QQQ,SWEEP,261,8.24,,CALL,748,747.2,215064,6/10/2026,YELLOW,0.19,8,F,ETF,None,F,F,488761000000,44
6/2/2026,4:11:47 PM,QQQ,BLOCK,450,5.14,B,CALL,748,747.19,231300,6/5/2026,MAGENTA,0.2,3,F,ETF,None,F,T,488761000000,2000
6/2/2026,4:11:31 PM,QQQ,BLOCK,250,6.67,B,CALL,751,747.19,166750,6/10/2026,YELLOW,0.19,8,F,ETF,None,F,F,488761000000,55
6/2/2026,4:11:10 PM,QQQ,SWEEP,450,5.079,A,CALL,748,747.07,228550,6/5/2026,MAGENTA,0.2,3,F,ETF,None,F,T,488761000000,2000
6/2/2026,4:11:09 PM,IWM,SWEEP,175,0.64,B,CALL,303,291.48,11200,6/15/2026,YELLOW,0.18,13,F,ETF,None,F,F,78793000000,0
6/2/2026,4:11:02 PM,QQQ,BLOCK,500,5.7,BB,PUT,746,747.1700000000001,285000,6/8/2026,YELLOW,0.17,6,F,ETF,None,F,F,488761000000,99
6/2/2026,4:10:45 PM,SPY,BLOCK,406,2.18,A,PUT,761,759.97,88508,6/3/2026,YELLOW,0.1,1,F,ETF,None,F,T,781657000000,201
6/2/2026,4:09:45 PM,QQQ,BLOCK,230,7.568,A,CALL,742,746.98,174070,6/4/2026,MAGENTA,0.21,2,F,ETF,None,F,T,488761000000,495
6/2/2026,4:09:16 PM,VIX,BLOCK,13996,1.43,B,CALL,25,0,2001428,7/22/2026,WHITE,0,50,F,ETF,None,F,F,0,118045
6/2/2026,4:09:02 PM,SPY,BLOCK,1510,1.68,A,PUT,760,759.9935,253670,6/3/2026,YELLOW,0.11,1,F,ETF,None,F,T,781657000000,1433
6/2/2026,4:08:46 PM,QQQ,BLOCK,140,3.75,A,PUT,749,747.1600000000001,52500,6/3/2026,YELLOW,0.18,1,F,ETF,None,F,T,488761000000,35
6/2/2026,4:08:29 PM,SMH,BLOCK,6734,1.2,A,PUT,425,632.21,808080,6/18/2026,YELLOW,1,16,F,ETF,None,F,F,0,2918
6/2/2026,4:08:19 PM,IBIT,SWEEP,450,1.601,A,CALL,52,38.1,72042,12/18/2026,YELLOW,0.46,199,F,ETF,None,F,F,0,47
6/2/2026,4:07:05 PM,QQQ,BLOCK,500,14.75,A,CALL,740,747.2213,737500,6/12/2026,WHITE,0.21,10,F,ETF,None,F,F,488761000000,5403
6/2/2026,4:06:49 PM,VIX,BLOCK,6000,1.43,B,CALL,25,0,858000,7/22/2026,WHITE,0,50,F,ETF,None,F,F,0,118045
6/2/2026,4:05:17 PM,SPY,SWEEP,156,8.64,B,CALL,792,760,134784,8/21/2026,WHITE,0.14,80,F,ETF,None,F,F,781657000000,494
6/2/2026,4:05:17 PM,SPY,SWEEP,463,8.32,B,CALL,793,760,385216,8/21/2026,YELLOW,0.14,80,F,ETF,None,F,F,781657000000,264
6/2/2026,4:05:06 PM,QQQ,BLOCK,250,5.16,A,CALL,748,747.23,129000,6/5/2026,MAGENTA,0.2,3,F,ETF,None,F,T,488761000000,2000
6/2/2026,4:05:06 PM,QQQ,BLOCK,131,3.2,BB,PUT,748,747.19,41922,6/3/2026,YELLOW,0.18,1,F,ETF,None,F,T,488761000000,115
6/2/2026,4:05:06 PM,QQQ,BLOCK,220,5.11,AA,CALL,748,747.19,112419,6/5/2026,MAGENTA,0.2,3,F,ETF,None,F,T,488761000000,2000
6/2/2026,4:05:00 PM,QQQ,SWEEP,260,5.01,A,CALL,748,746.89,130260,6/5/2026,MAGENTA,0.2,3,F,ETF,None,F,T,488761000000,2000
6/2/2026,4:04:47 PM,SPY,SWEEP,2000,0.09,B,CALL,782,759.9100000000001,18000,6/11/2026,YELLOW,0.09,9,F,ETF,None,F,F,781657000000,3
6/2/2026,4:04:44 PM,SMH,SWEEP,100,1.61,A,PUT,440,632.21,16100,6/26/2026,YELLOW,0.8,24,F,ETF,None,F,F,0,50
6/2/2026,4:04:43 PM,SMH,BLOCK,100,1.61,A,PUT,440,632.21,16100,6/26/2026,YELLOW,0.8,24,F,ETF,None,F,F,0,50
6/2/2026,4:04:40 PM,IWM,SWEEP,400,7.841,B,PUT,290,291.8004,313659,7/17/2026,WHITE,0.22,45,F,ETF,None,F,F,78793000000,3860
6/2/2026,4:04:18 PM,QQQ,BLOCK,150,6.8,A,CALL,741,746.7,102000,6/3/2026,MAGENTA,0.2,1,F,ETF,None,F,T,488761000000,877
6/2/2026,4:04:06 PM,QQQ,BLOCK,250,4.81,B,CALL,748,746.45,120250,6/5/2026,MAGENTA,0.2,3,F,ETF,None,F,T,488761000000,2000
6/2/2026,4:03:47 PM,LQD,BLOCK,1000,0.21,B,CALL,112,108.85000000000001,21000,8/21/2026,YELLOW,0.06,80,F,ETF,None,F,F,29833000000,44
6/2/2026,4:03:35 PM,SPY,BLOCK,450,5.17,A,CALL,758,759.57,232650,6/8/2026,MAGENTA,0.11,6,F,ETF,None,F,F,781657000000,627
6/2/2026,4:02:32 PM,QQQ,SWEEP,128,14.822,A,PUT,700,746.02,189722,8/21/2026,MAGENTA,0.25,80,F,ETF,None,F,F,488761000000,17018
6/2/2026,4:02:31 PM,IBIT,BLOCK,1934,0.06,A,CALL,39.5,37.96,11604,6/3/2026,YELLOW,0.6,1,F,ETF,None,F,T,0,117
6/2/2026,4:02:28 PM,QQQ,BLOCK,601,0.35,BB,PUT,746,745.98,21037,6/2/2026,YELLOW,0.02,1,F,ETF,None,F,T,488761000000,464
6/2/2026,4:02:06 PM,SPY,SWEEP,565,30.5,A,CALL,765,759.5600000000001,1723250,10/16/2026,WHITE,0.17,136,F,ETF,None,F,F,781657000000,2023
6/2/2026,4:01:44 PM,SPY,BLOCK,400,3.02,B,PUT,700,759.51,120800,7/17/2026,WHITE,0.2,45,F,ETF,None,F,F,781657000000,35227
6/2/2026,4:01:40 PM,SPY,SWEEP,1079,1.46,A,PUT,759,759.5500000000001,157534,6/3/2026,MAGENTA,0.11,1,F,ETF,None,F,T,781657000000,1540
6/2/2026,4:01:39 PM,SPY,BLOCK,178,12.22,B,CALL,759,759.5500000000001,217516,7/2/2026,MAGENTA,0.13,30,F,ETF,None,F,F,781657000000,449
6/2/2026,4:01:39 PM,LQD,BLOCK,14000,0.21,B,CALL,112,108.92,294000,8/21/2026,YELLOW,0.06,80,F,ETF,None,F,F,29833000000,44
6/2/2026,4:01:18 PM,IBIT,BLOCK,1857,0.13,A,CALL,40,38.0199,24141,6/5/2026,YELLOW,0.52,3,F,ETF,None,F,T,0,1207
6/2/2026,4:00:33 PM,GLD,SWEEP,170,8.8,B,CALL,500,411.95000000000005,149600,1/15/2027,WHITE,0.25,227,F,ETF,None,F,F,151122000000,17760
6/2/2026,4:00:31 PM,IGV,BLOCK,2346,0.17,,PUT,98,104.73,39882,6/5/2026,ORANGE,0,3,F,ETF,None,F,T,0,439
6/2/2026,4:00:31 PM,IGV,BLOCK,3128,0.3,,PUT,100,104.73,93840,6/5/2026,ORANGE,0,3,F,ETF,None,F,T,0,1074
6/2/2026,4:00:28 PM,FXI,SWEEP,5000,0.04,A,CALL,38,36.38,20000,6/5/2026,YELLOW,0.34,3,F,ETF,None,F,T,5494000000,629
6/2/2026,4:00:26 PM,SPY,SWEEP,242,1.05,A,PUT,740,759.5300000000001,25410,6/11/2026,YELLOW,0.15,9,F,ETF,None,F,F,781657000000,224
6/2/2026,4:00:25 PM,SPXW,BLOCK,200,0.6,A,CALL,7790,0,12000,6/9/2026,YELLOW,0,7,F,ETF,None,F,F,0,111
6/2/2026,4:00:24 PM,IBIT,BLOCK,2500,1.31,B,PUT,38,38.03,327442,6/18/2026,WHITE,0.43,16,F,ETF,None,F,F,0,19203
6/2/2026,4:00:15 PM,SPY,SWEEP,530,2.23,B,CALL,762,759.6,118190,6/5/2026,MAGENTA,0.12,3,F,ETF,None,F,T,781657000000,2122
6/2/2026,4:00:01 PM,QQQ,SWEEP,401,9.38,A,PUT,746,746.13,376138,6/12/2026,YELLOW,0.2,10,F,ETF,None,F,F,488761000000,44
6/2/2026,4:00:00 PM,QQQ,SWEEP,355,2.8,A,PUT,746,746.13,99400,6/3/2026,YELLOW,0.19,1,F,ETF,None,F,T,488761000000,142
6/2/2026,3:59:57 PM,QQQ,BLOCK,75,22.15,B,PUT,748,746.23,166125,7/17/2026,WHITE,0.21,45,F,ETF,None,F,F,488761000000,1102
6/2/2026,3:59:53 PM,NASA,SWEEP,1500,1.301,,CALL,45,37.76,195120,6/18/2026,WHITE,1.13,16,F,ETF,None,F,F,0,13497
6/2/2026,3:59:51 PM,QQQ,BLOCK,234,8.43,B,PUT,736,746.3100000000001,197262,6/18/2026,WHITE,0.21,16,F,ETF,None,F,F,488761000000,872
6/2/2026,3:59:34 PM,GLD,BLOCK,1000,5.9,A,PUT,413,411.92,590000,6/12/2026,YELLOW,0.2,10,F,ETF,None,F,F,151122000000,158
6/2/2026,3:59:33 PM,QQQ,SWEEP,743,11.77,A,CALL,750,746.315,874507,6/18/2026,WHITE,0.21,16,F,ETF,None,F,F,488761000000,33196
6/2/2026,3:59:33 PM,SMH,BLOCK,150,6.65,B,PUT,617.5,632.375,99750,6/5/2026,YELLOW,0.57,3,F,ETF,None,F,T,0,26
6/2/2026,3:59:33 PM,QQQ,SWEEP,1572,0.63,A,PUT,737,746.315,99036,6/3/2026,YELLOW,0.22,1,F,ETF,None,F,T,488761000000,987
6/2/2026,3:59:31 PM,DRAM,SWEEP,219,11.4,B,CALL,70,69.6344,249660,8/21/2026,WHITE,0.88,80,F,ETF,None,F,F,0,4010
6/2/2026,3:59:28 PM,IBIT,BLOCK,1250,0.93,A,CALL,45,38.06,116250,8/21/2026,WHITE,0.42,80,F,ETF,None,F,F,0,3785
6/2/2026,3:59:27 PM,QQQ,SWEEP,299,1.971,B,PUT,744,746.2950000000001,58919,6/3/2026,YELLOW,0.19,1,F,ETF,None,F,T,488761000000,210
6/2/2026,3:59:25 PM,QQQ,SWEEP,195,5.466,,PUT,735,746.35,106585,6/12/2026,WHITE,0.21,10,F,ETF,None,F,F,488761000000,3015
6/2/2026,3:59:11 PM,IWM,SWEEP,1500,0.259,AA,PUT,288,291.575,38785,6/3/2026,YELLOW,0.23,1,F,ETF,None,F,T,78793000000,844
6/2/2026,3:59:00 PM,SPY,SWEEP,451,2.51,BB,PUT,761,759.57,113200,6/3/2026,YELLOW,0.11,1,F,ETF,None,F,T,781657000000,201
6/2/2026,3:58:59 PM,QQQ,BLOCK,114,11.77,B,CALL,750,746.4100000000001,134178,6/18/2026,WHITE,0.21,16,F,ETF,None,F,F,488761000000,33196
6/2/2026,3:58:58 PM,XLF,BLOCK,194,1.69,B,CALL,55,51.49,32786,12/31/2026,YELLOW,0.19,212,F,ETF,None,F,F,50037000000,10
6/2/2026,3:58:51 PM,QQQ,SWEEP,139,11.77,B,CALL,750,746.33,163603,6/18/2026,WHITE,0.21,16,F,ETF,None,F,F,488761000000,33196
6/2/2026,3:58:45 PM,SOXS,BLOCK,350,0.48,B,CALL,5.5,5.155,16800,6/12/2026,YELLOW,1.85,10,F,ETF,None,F,F,0,46
6/2/2026,3:58:16 PM,QQQ,SWEEP,200,6.344,AA,PUT,746,746.365,126883,6/8/2026,YELLOW,0.17,6,F,ETF,None,F,F,488761000000,99
6/2/2026,3:58:07 PM,TQQQ,SWEEP,395,5.2,A,CALL,86,87.295,205400,6/18/2026,YELLOW,0.62,16,F,ETF,None,F,F,0,383
6/2/2026,3:58:03 PM,SCO,BLOCK,324,1.65,B,PUT,24,25.400000000000002,53460,7/2/2026,YELLOW,0.82,30,F,ETF,None,F,F,0,1
6/2/2026,3:58:00 PM,QQQ,SWEEP,300,9.3,A,PUT,746,746.3050000000001,279000,6/12/2026,YELLOW,0.2,10,F,ETF,None,F,F,488761000000,44
6/2/2026,3:57:58 PM,DIA,BLOCK,296,6.43,B,CALL,511,514.0450000000001,190327,6/12/2026,YELLOW,0.13,10,F,ETF,None,F,F,44868000000,284
6/2/2026,3:57:56 PM,SMH,BLOCK,5000,3.85,A,PUT,460,632.19,1925000,7/17/2026,YELLOW,0.63,45,F,ETF,None,F,F,0,1742
6/2/2026,3:57:52 PM,SPX,BLOCK,100,12.4,A,CALL,8600,0,124000,9/18/2026,WHITE,0,108,F,ETF,None,F,F,0,10546
6/2/2026,3:57:33 PM,XBI,BLOCK,200,20.5,B,PUT,130,127.58,410000,12/15/2028,YELLOW,0.3,927,F,ETF,None,F,F,8447000000,0
6/2/2026,3:57:23 PM,SPY,SWEEP,250,3.34,A,PUT,715,759.4350000000001,83500,7/10/2026,YELLOW,0.18,38,F,ETF,None,F,F,781657000000,202
6/2/2026,3:57:15 PM,SOXX,BLOCK,300,15.0,A,CALL,602.5,604.9300000000001,450000,6/5/2026,YELLOW,0.63,3,F,ETF,None,F,T,0,0
6/2/2026,3:57:14 PM,SPY,SWEEP,250,3.33,A,PUT,715,759.44,83250,7/10/2026,YELLOW,0.18,38,F,ETF,None,F,F,781657000000,202
6/2/2026,3:57:05 PM,SPY,SWEEP,200,6.98,A,PUT,735,759.48,139600,7/17/2026,WHITE,0.16,45,F,ETF,None,F,F,781657000000,60948
6/2/2026,3:57:02 PM,QQQ,BLOCK,1000,5.0,A,CALL,745,746.1,500000,6/4/2026,YELLOW,0.2,2,F,ETF,None,F,T,488761000000,957
6/2/2026,3:56:41 PM,SMH,SWEEP,5005,0.71,AA,PUT,430,632.08,355193,6/12/2026,YELLOW,1.13,10,F,ETF,None,F,F,0,296
6/2/2026,3:56:35 PM,SPY,SWEEP,275,6.36,,CALL,860,759.465,174900,12/18/2026,WHITE,0.15,199,F,ETF,None,F,F,781657000000,2920
6/2/2026,3:56:29 PM,SPY,SWEEP,250,0.58,A,PUT,735,759.49,14500,6/10/2026,YELLOW,0.16,8,F,ETF,None,F,F,781657000000,162
6/2/2026,3:56:25 PM,SPX,BLOCK,90,18.2,A,CALL,8500,0,163800,9/18/2026,WHITE,0,108,F,ETF,None,F,F,0,5644
6/2/2026,3:56:22 PM,SCO,SWEEP,640,1.743,A,PUT,24,25.404500000000002,111520,7/2/2026,YELLOW,0.85,30,F,ETF,None,F,F,0,1
6/2/2026,3:56:14 PM,SPY,BLOCK,100,13.18,B,PUT,740,759.46,131800,8/21/2026,WHITE,0.16,80,F,ETF,None,F,F,781657000000,5860
6/2/2026,3:56:12 PM,SMH,SWEEP,1144,0.7,A,PUT,430,632.3000000000001,80079,6/12/2026,YELLOW,1.13,10,F,ETF,None,F,F,0,296
6/2/2026,3:56:12 PM,QQQ,BLOCK,130,2.22,,PUT,710,746.1600000000001,28860,6/16/2026,YELLOW,0.23,14,F,ETF,None,F,F,488761000000,0
6/2/2026,3:56:10 PM,QQQ,SWEEP,500,2.27,A,CALL,790,746.1700000000001,113500,6/26/2026,WHITE,0.19,24,F,ETF,None,F,F,488761000000,1063
6/2/2026,3:56:03 PM,DRAM,SWEEP,200,5.4,A,PUT,70,69.675,107995,6/18/2026,MAGENTA,0.91,16,F,ETF,None,F,F,0,449
6/2/2026,3:56:03 PM,NASA,BLOCK,151,3.2,B,CALL,44,37.8399,48320,7/17/2026,YELLOW,1,45,F,ETF,None,F,F,0,47
6/2/2026,3:56:00 PM,EWY,BLOCK,156,39.6,B,CALL,300,213.99,617760,1/21/2028,YELLOW,0.59,598,F,ETF,None,F,F,24576000000,34
6/2/2026,3:55:59 PM,IBIT,SWEEP,979,0.18,A,CALL,39.5,37.99,17622,6/5/2026,YELLOW,0.49,3,F,ETF,None,F,T,0,252
6/2/2026,3:55:52 PM,SPY,SWEEP,1000,1.12,A,PUT,758,759.495,112000,6/3/2026,MAGENTA,0.11,1,F,ETF,None,F,T,781657000000,1441
6/2/2026,3:55:22 PM,SPY,SWEEP,1000,12.58,A,PUT,720,759.4701,1258000,9/18/2026,WHITE,0.18,108,F,ETF,None,F,F,781657000000,5768
6/2/2026,3:55:22 PM,SPXW,BLOCK,103,163.578,A,CALL,7900,0,1684850,9/30/2026,WHITE,0,120,F,ETF,None,F,F,0,1659
6/2/2026,3:55:21 PM,SPY,BLOCK,100,13.17,A,PUT,740,759.475,131700,8/21/2026,WHITE,0.16,80,F,ETF,None,F,F,781657000000,5860
6/2/2026,3:55:17 PM,IBIT,BLOCK,480,0.32,A,CALL,43.5,38.005,15360,7/2/2026,YELLOW,0.41,30,F,ETF,None,F,F,0,269
6/2/2026,3:55:16 PM,SLV,SWEEP,4000,2.47,A,PUT,69,67.98,988002,6/12/2026,YELLOW,0.43,10,F,ETF,None,F,F,0,1193
6/2/2026,3:55:14 PM,QQQ,BLOCK,500,21.3,B,CALL,730,746.0400000000001,1065000,6/12/2026,WHITE,0.23,10,F,ETF,None,F,F,488761000000,2348
6/2/2026,3:55:06 PM,QQQ,BLOCK,108,11.4,A,PUT,716,746.01,123120,7/17/2026,WHITE,0.24,45,F,ETF,None,F,F,488761000000,369
6/2/2026,3:55:02 PM,SOXS,BLOCK,999,1.42,B,CALL,10,5.175,141858,11/20/2026,WHITE,1.89,171,F,ETF,None,F,F,0,4714
6/2/2026,3:54:57 PM,IBIT,BLOCK,1666,0.93,A,PUT,30,38.02,154938,9/18/2026,WHITE,0.5,108,F,ETF,None,F,F,0,36880
6/2/2026,3:54:52 PM,IWM,SWEEP,3360,5.924,A,PUT,275,291.5368,1990300,8/21/2026,WHITE,0.25,80,F,ETF,None,F,F,78793000000,6112
6/2/2026,3:54:46 PM,IBIT,SWEEP,2000,0.11,A,CALL,39,38.035000000000004,22000,6/3/2026,YELLOW,0.54,1,F,ETF,None,F,T,0,776
6/2/2026,3:54:44 PM,SOXS,BLOCK,200,0.8,B,CALL,4.5,5.197,16000,6/5/2026,YELLOW,2.02,3,F,ETF,None,F,T,0,55
6/2/2026,3:54:37 PM,SPY,SWEEP,1000,6.13,B,CALL,760,759.465,613000,6/12/2026,WHITE,0.12,10,F,ETF,None,F,F,781657000000,31625
6/2/2026,3:54:09 PM,QQQ,BLOCK,250,0.52,,PUT,726,745.95,13000,6/4/2026,YELLOW,0.26,2,F,ETF,None,F,T,488761000000,205
6/2/2026,3:53:52 PM,QQQ,BLOCK,1155,10.31,A,CALL,746,746.08,1190805,6/12/2026,YELLOW,0.2,10,F,ETF,None,F,F,488761000000,1061
6/2/2026,3:53:52 PM,QQQ,BLOCK,845,10.344,A,CALL,746,746.1,874091,6/12/2026,MAGENTA,0.2,10,F,ETF,None,F,F,488761000000,1061
6/2/2026,3:53:40 PM,TLT,SWEEP,1350,1.76,B,PUT,86,85.675,237600,8/21/2026,WHITE,0.09,80,F,ETF,None,F,F,43763000000,5021
6/2/2026,3:53:30 PM,QQQ,BLOCK,250,7.6,A,CALL,743,746.205,190000,6/5/2026,MAGENTA,0.21,3,F,ETF,None,F,T,488761000000,1903
6/2/2026,3:53:30 PM,SOXX,BLOCK,103,17.7,B,PUT,530,604.08,182310,7/17/2026,WHITE,0.58,45,F,ETF,None,F,F,0,1352
6/2/2026,3:53:22 PM,SCO,BLOCK,1000,1.35,A,CALL,28,25.380000000000003,135000,7/2/2026,WHITE,0.79,30,F,ETF,None,F,F,0,1043
6/2/2026,3:53:10 PM,SPXW,BLOCK,133,7.914,AA,CALL,7605,0,105251,6/2/2026,MAGENTA,0,1,F,ETF,None,F,T,0,1614
6/2/2026,3:53:10 PM,SPY,SWEEP,541,2.121,AA,CALL,759,759.6700000000001,114755,6/3/2026,MAGENTA,0.11,1,F,ETF,None,F,T,781657000000,2898
6/2/2026,3:53:04 PM,SPY,SWEEP,257,19.024,A,CALL,870,759.595,488911,6/17/2027,WHITE,0.16,380,F,ETF,None,F,F,781657000000,552
6/2/2026,3:52:50 PM,QQQ,BLOCK,189,10.85,B,CALL,805,745.85,205065,8/21/2026,WHITE,0.21,80,F,ETF,None,F,F,488761000000,937
6/2/2026,3:52:35 PM,IWM,SWEEP,2000,1.62,B,PUT,279,291.56,324000,6/18/2026,WHITE,0.25,16,F,ETF,None,F,F,78793000000,4435
6/2/2026,3:52:30 PM,SOXS,BLOCK,200,0.89,,CALL,5.5,5.235,17800,7/2/2026,YELLOW,1.74,30,F,ETF,None,F,F,0,47
6/2/2026,3:52:28 PM,SPY,SWEEP,2902,5.55,B,CALL,777,759.585,1610610,7/10/2026,YELLOW,0.12,38,F,ETF,None,F,F,781657000000,78
6/2/2026,3:52:19 PM,QQQ,BLOCK,130,8.03,A,PUT,605,746.07,104390,10/16/2026,WHITE,0.31,136,F,ETF,None,F,F,488761000000,2370
6/2/2026,3:52:10 PM,SPY,BLOCK,150,10.5,A,CALL,762,759.6235,157500,7/2/2026,MAGENTA,0.13,30,F,ETF,None,F,F,781657000000,266
6/2/2026,3:51:43 PM,IBIT,BLOCK,150,1.18,,CALL,38,38.0801,17700,6/12/2026,YELLOW,0.45,10,F,ETF,None,F,F,0,35
6/2/2026,3:51:42 PM,SPY,SWEEP,1000,1.392,AA,PUT,754,759.565,139206,6/5/2026,MAGENTA,0.13,3,F,ETF,None,F,T,781657000000,1953
6/2/2026,3:51:37 PM,QQQ,BLOCK,150,9.46,B,CALL,740,745.9,141900,6/5/2026,MAGENTA,0.22,3,F,ETF,None,F,T,488761000000,4555
6/2/2026,3:51:33 PM,SPY,BLOCK,87,7.24,A,CALL,760,759.5600000000001,62988,6/16/2026,YELLOW,0.12,14,F,ETF,None,F,F,781657000000,0
6/2/2026,3:51:28 PM,QQQ,SWEEP,124,9.414,AA,CALL,740,745.8100000000001,116737,6/5/2026,MAGENTA,0.22,3,F,ETF,None,F,T,488761000000,4555
6/2/2026,3:51:28 PM,QQQ,BLOCK,112,12.89,A,PUT,590,745.82,144368,1/15/2027,WHITE,0.31,227,F,ETF,None,F,F,488761000000,2718
6/2/2026,3:51:15 PM,IBIT,BLOCK,15500,0.03,A,CALL,52,38.045,46500,6/12/2026,YELLOW,0.85,10,F,ETF,None,F,F,0,665
6/2/2026,3:51:09 PM,SOXS,SWEEP,200,0.72,A,CALL,5.5,5.26,14400,6/18/2026,YELLOW,1.91,16,F,ETF,None,F,F,0,144
6/2/2026,3:50:48 PM,QQQ,SWEEP,88,24.23,B,CALL,730,745.86,213224,6/18/2026,WHITE,0.23,16,F,ETF,None,F,F,488761000000,24989
6/2/2026,3:50:41 PM,QQQ,SWEEP,122,13.83,B,PUT,759,745.9105000000001,168727,6/5/2026,YELLOW,0.18,3,F,ETF,None,F,T,488761000000,0
6/2/2026,3:50:26 PM,QQQ,SWEEP,1000,0.11,A,PUT,650,745.9,11000,6/9/2026,YELLOW,0.42,7,F,ETF,None,F,F,488761000000,2
6/2/2026,3:50:13 PM,QQQ,SWEEP,330,39.32,A,CALL,790,746.0500000000001,1297560,12/18/2026,WHITE,0.24,199,F,ETF,None,F,F,488761000000,5133
6/2/2026,3:49:40 PM,SLV,SWEEP,200,1.81,B,PUT,67,67.97,36200,6/17/2026,YELLOW,0.42,15,F,ETF,None,F,F,0,0
6/2/2026,3:49:39 PM,SMH,SWEEP,428,0.7,B,PUT,430,630.3031,29960,6/12/2026,YELLOW,1.12,10,F,ETF,None,F,F,0,296
6/2/2026,3:49:23 PM,KRE,BLOCK,205,0.59,B,CALL,71,69.5881,12095,6/12/2026,YELLOW,0.25,10,F,ETF,None,F,F,0,34
6/2/2026,3:49:20 PM,SMH,SWEEP,823,0.7,,PUT,430,630.275,57610,6/12/2026,YELLOW,1.12,10,F,ETF,None,F,F,0,296
6/2/2026,3:49:13 PM,SMH,SWEEP,414,0.7,A,PUT,430,630.225,28980,6/12/2026,YELLOW,1.12,10,F,ETF,None,F,F,0,296
6/2/2026,3:49:09 PM,QQQ,SWEEP,750,2.307,AA,PUT,736,745.95,173014,6/5/2026,MAGENTA,0.23,3,F,ETF,None,F,T,488761000000,983
6/2/2026,3:49:06 PM,SMH,BLOCK,100,17.8,A,PUT,565,630.0600000000001,178000,7/17/2026,MAGENTA,0.52,45,F,ETF,None,F,F,0,500
6/2/2026,3:49:00 PM,QQQ,SWEEP,500,5.52,A,CALL,742,745.99,276000,6/3/2026,MAGENTA,0.2,1,F,ETF,None,F,T,488761000000,988
6/2/2026,3:49:00 PM,QQQ,SWEEP,330,49.09,A,PUT,750,745.99,1619970,12/18/2026,YELLOW,0.24,199,F,ETF,None,F,F,488761000000,199
6/2/2026,3:48:59 PM,DRAM,SWEEP,500,5.25,A,CALL,70,70.09,262497,6/18/2026,WHITE,0.88,16,F,ETF,None,F,F,0,13698
6/2/2026,3:48:53 PM,FXI,BLOCK,750,0.15,B,CALL,37,36.327400000000004,11250,6/5/2026,YELLOW,0.3,3,F,ETF,None,F,T,5494000000,117
6/2/2026,3:48:29 PM,QQQ,SWEEP,352,27.62,A,CALL,740,746.0350000000001,972224,7/17/2026,WHITE,0.22,45,F,ETF,None,F,F,488761000000,7460
6/2/2026,3:48:26 PM,XLF,BLOCK,5000,1.59,A,PUT,51,51.5499,795000,9/18/2026,WHITE,0.17,108,F,ETF,None,F,F,50037000000,77135
6/2/2026,3:48:24 PM,QQQ,SWEEP,500,6.78,A,PUT,730,746.0275,339000,6/18/2026,WHITE,0.22,16,F,ETF,None,F,F,488761000000,12049
6/2/2026,3:48:22 PM,QQQ,SWEEP,1000,0.14,A,PUT,650,746.0450000000001,14000,6/10/2026,YELLOW,0.4,8,F,ETF,None,F,F,488761000000,31
6/2/2026,3:48:19 PM,IBIT,SWEEP,3000,0.04,B,PUT,36,37.9,12000,6/3/2026,YELLOW,0.67,1,F,ETF,None,F,T,0,138
6/2/2026,3:48:10 PM,QQQ,SWEEP,241,4.6,BB,PUT,720,745.995,110858,6/18/2026,WHITE,0.23,16,F,ETF,None,F,F,488761000000,27670
6/2/2026,3:48:07 PM,SMH,SWEEP,416,0.69,A,PUT,430,630.02,28704,6/12/2026,YELLOW,1.12,10,F,ETF,None,F,F,0,296
6/2/2026,3:48:04 PM,QQQ,SWEEP,138,27.5,B,CALL,740,745.9243,379500,7/17/2026,WHITE,0.22,45,F,ETF,None,F,F,488761000000,7460
6/2/2026,3:48:03 PM,QQQ,SWEEP,80,9.42,,PUT,746,745.9200000000001,75360,6/12/2026,YELLOW,0.2,10,F,ETF,None,F,F,488761000000,44
6/2/2026,3:47:56 PM,QQQ,SWEEP,500,19.802,B,PUT,760,745.86,990120,6/18/2026,YELLOW,0.19,16,F,ETF,None,F,F,488761000000,121
6/2/2026,3:47:56 PM,QQQ,BLOCK,908,7.42,B,PUT,750,745.86,673736,6/5/2026,MAGENTA,0.19,3,F,ETF,None,F,T,488761000000,1112
6/2/2026,3:47:36 PM,SPY,BLOCK,450,5.06,B,CALL,758,759.2900000000001,227700,6/8/2026,MAGENTA,0.11,6,F,ETF,None,F,F,781657000000,627
6/2/2026,3:47:34 PM,TQQQ,SWEEP,881,16.4,A,CALL,72,87.12,1444831,6/26/2026,YELLOW,0.73,24,F,ETF,None,F,F,0,56
6/2/2026,3:47:30 PM,SPY,BLOCK,1500,0.09,A,CALL,775,759.27,13500,6/8/2026,YELLOW,0.08,6,F,ETF,None,F,F,781657000000,552
6/2/2026,3:47:23 PM,SMH,SWEEP,88,23.4,A,CALL,685,629.6700000000001,205920,7/17/2026,YELLOW,0.49,45,F,ETF,None,F,F,0,54
6/2/2026,3:47:19 PM,SPY,SWEEP,270,16.87,A,PUT,766,759.265,455481,7/17/2026,YELLOW,0.13,45,F,ETF,None,F,F,781657000000,9
6/2/2026,3:47:14 PM,ETHA,SWEEP,1000,1.35,B,PUT,15,14.345,135000,7/17/2026,WHITE,0.5,45,F,ETF,None,F,F,0,12537
6/2/2026,3:47:06 PM,SMH,SWEEP,480,0.7,A,PUT,430,629.75,33585,6/12/2026,YELLOW,1.12,10,F,ETF,None,F,F,0,296
6/2/2026,3:47:01 PM,QQQ,BLOCK,699,4.51,A,CALL,748,745.78,315249,6/5/2026,MAGENTA,0.2,3,F,ETF,None,F,T,488761000000,2000
6/2/2026,3:46:59 PM,SOXL,BLOCK,891,15.8,B,CALL,300,263.87,1407780,6/12/2026,YELLOW,1.64,10,F,ETF,None,F,F,0,134
6/2/2026,3:46:47 PM,SPY,BLOCK,1500,0.18,A,CALL,810,759.22,27000,7/2/2026,YELLOW,0.11,30,F,ETF,None,F,F,781657000000,132
6/2/2026,3:46:44 PM,QQQ,SWEEP,452,3.3,B,CALL,745,745.735,149160,6/3/2026,MAGENTA,0.19,1,F,ETF,None,F,T,488761000000,906
6/2/2026,3:46:43 PM,SOXL,BLOCK,999,1.3,A,CALL,340,263.8711,129870,6/5/2026,MAGENTA,1.81,3,F,ETF,None,F,T,0,1562
6/2/2026,3:46:41 PM,QQQ,SWEEP,139,7.5,B,PUT,750,745.745,104250,6/5/2026,MAGENTA,0.19,3,F,ETF,None,F,T,488761000000,1112
6/2/2026,3:46:38 PM,QQQ,BLOCK,100,11.026,A,CALL,746,745.76,110260,6/15/2026,YELLOW,0.19,13,F,ETF,None,F,F,488761000000,85
6/2/2026,3:46:27 PM,QQQ,BLOCK,100,11.01,A,CALL,746,745.682,110100,6/15/2026,YELLOW,0.19,13,F,ETF,None,F,F,488761000000,85
6/2/2026,3:46:20 PM,QQQ,BLOCK,100,6.01,,CALL,751,745.6650000000001,60100,6/10/2026,YELLOW,0.19,8,F,ETF,None,F,F,488761000000,55
6/2/2026,3:46:18 PM,SPY,SWEEP,100,21.56,A,PUT,755,759.19,215600,9/18/2026,WHITE,0.16,108,F,ETF,None,F,F,781657000000,4226
6/2/2026,3:46:17 PM,QQQ,SWEEP,79,18.53,A,PUT,739,745.6700000000001,146387,7/17/2026,WHITE,0.22,45,F,ETF,None,F,F,488761000000,357
6/2/2026,3:46:08 PM,SPY,SWEEP,1500,0.18,A,CALL,810,759.22,27000,7/2/2026,YELLOW,0.11,30,F,ETF,None,F,F,781657000000,132
6/2/2026,3:46:07 PM,SMH,SWEEP,300,0.6,B,PUT,425,629.4150000000001,18000,6/12/2026,YELLOW,1.13,10,F,ETF,None,F,F,0,166
6/2/2026,3:46:03 PM,QQQ,SWEEP,500,10.007,B,PUT,740,745.5400000000001,500366,6/18/2026,WHITE,0.21,16,F,ETF,None,F,F,488761000000,7635
6/2/2026,3:46:03 PM,SPY,SWEEP,9740,0.02,A,CALL,761,759.2,19491,6/2/2026,YELLOW,0.03,1,F,ETF,None,F,T,781657000000,8706
6/2/2026,3:45:48 PM,QQQ,BLOCK,200,9.274,B,CALL,740,745.6,185480,6/5/2026,MAGENTA,0.22,3,F,ETF,None,F,T,488761000000,4555
6/2/2026,3:45:46 PM,SPY,SWEEP,3685,0.405,AA,CALL,763,759.23,149286,6/3/2026,YELLOW,0.1,1,F,ETF,None,F,T,781657000000,2062
6/2/2026,3:45:44 PM,SPY,SWEEP,125,14.17,A,PUT,760,759.2375000000001,177125,7/17/2026,MAGENTA,0.14,45,F,ETF,None,F,F,781657000000,2339
6/2/2026,3:45:42 PM,SPY,SWEEP,861,0.32,B,CALL,787,759.21,27552,6/18/2026,YELLOW,0.1,16,F,ETF,None,F,F,781657000000,613
6/2/2026,3:45:40 PM,BITX,BLOCK,473,0.38,,CALL,14,13.755,17974,6/5/2026,YELLOW,0.98,3,F,ETF,None,F,T,0,5
6/2/2026,3:45:37 PM,QQQ,BLOCK,250,4.41,A,CALL,748,745.5801,110250,6/5/2026,MAGENTA,0.2,3,F,ETF,None,F,T,488761000000,2000
6/2/2026,3:45:34 PM,SPY,SWEEP,1500,0.32,B,CALL,787,759.23,48000,6/18/2026,YELLOW,0.1,16,F,ETF,None,F,F,781657000000,613
6/2/2026,3:45:23 PM,SPY,SWEEP,167,6.59,B,CALL,759,759.195,110054,6/12/2026,MAGENTA,0.13,10,F,ETF,None,F,F,781657000000,1717
6/2/2026,3:45:18 PM,SPY,SWEEP,200,5.45,B,PUT,759,759.1750000000001,109000,6/12/2026,MAGENTA,0.11,10,F,ETF,None,F,F,781657000000,612
6/2/2026,3:45:11 PM,SPY,SWEEP,87,20.06,A,PUT,645,759.1501000000001,174522,6/17/2027,WHITE,0.23,380,F,ETF,None,F,F,781657000000,2316
6/2/2026,3:45:10 PM,SPY,SWEEP,230,33.3,B,CALL,730,759.13,765900,6/30/2026,WHITE,0.16,28,F,ETF,None,F,F,781657000000,1986
6/2/2026,3:45:01 PM,SPY,SWEEP,885,2.26,B,PUT,735,759.2231,200010,6/18/2026,WHITE,0.16,16,F,ETF,None,F,F,781657000000,32817
6/2/2026,3:45:00 PM,QQQ,SWEEP,307,3.493,,CALL,742,745.5501,107238,6/2/2026,MAGENTA,0,1,F,ETF,None,F,T,488761000000,3335
6/2/2026,3:44:34 PM,SOXS,BLOCK,200,0.69,A,CALL,5.5,5.275,13800,6/18/2026,YELLOW,1.83,16,F,ETF,None,F,F,0,144
6/2/2026,3:44:31 PM,SOXL,SWEEP,891,16.315,A,PUT,230,262.74,1453700,6/12/2026,YELLOW,1.85,10,F,ETF,None,F,F,0,66
6/2/2026,3:44:24 PM,DIA,BLOCK,1000,1.09,A,PUT,495,514.1800000000001,109000,6/18/2026,WHITE,0.16,16,F,ETF,None,F,F,44868000000,2171
6/2/2026,3:44:23 PM,DRAM,SWEEP,150,24.8,A,CALL,55,69.83500000000001,372000,1/15/2027,WHITE,0.82,227,F,ETF,None,F,F,0,4789
6/2/2026,3:44:23 PM,DRAM,BLOCK,225,15.5,A,CALL,56,69.83500000000001,348750,6/26/2026,WHITE,0.97,24,F,ETF,None,F,F,0,456
6/2/2026,3:44:17 PM,QQQ,BLOCK,1500,1.11,A,PUT,740,745.52,166500,6/3/2026,MAGENTA,0.2,1,F,ETF,None,F,T,488761000000,1858
6/2/2026,3:44:06 PM,USO,SWEEP,234,4.65,B,CALL,142,137.02,108810,6/18/2026,WHITE,0.58,16,F,ETF,Financials,F,F,1823000000,859
6/2/2026,3:43:50 PM,ARKK,BLOCK,200,1.76,B,PUT,76.5,79.955,35200,6/26/2026,YELLOW,0.41,24,F,ETF,None,F,F,0,100
6/2/2026,3:43:50 PM,IWM,SWEEP,525,2.24,A,PUT,282,291.59000000000003,117600,6/18/2026,WHITE,0.25,16,F,ETF,None,F,F,78793000000,78663
6/2/2026,3:43:45 PM,VIX,BLOCK,2000,0.56,B,CALL,60,0,112000,9/16/2026,WHITE,0,106,F,ETF,None,F,F,0,27847
6/2/2026,3:43:43 PM,IBIT,BLOCK,1000,0.35,,CALL,38,37.83,35000,6/3/2026,YELLOW,0.54,1,F,ETF,None,F,T,0,6
6/2/2026,3:43:27 PM,SOXL,BLOCK,300,12.65,A,PUT,220,262.17,379500,6/12/2026,YELLOW,1.84,10,F,ETF,None,F,F,0,123
6/2/2026,3:43:00 PM,IBIT,SWEEP,216,0.55,B,PUT,37,37.785000000000004,11880,6/8/2026,YELLOW,0.47,6,F,ETF,None,F,F,0,106
6/2/2026,3:42:45 PM,QQQ,SWEEP,232,8.13,B,PUT,700,745.58,188616,7/17/2026,WHITE,0.25,45,F,ETF,None,F,F,488761000000,37434
6/2/2026,3:42:33 PM,ARKK,SWEEP,200,1.76,B,PUT,76.5,79.935,35200,6/26/2026,YELLOW,0.41,24,F,ETF,None,F,F,0,100
6/2/2026,3:42:33 PM,QQQ,SWEEP,268,8.15,A,PUT,700,745.495,218420,7/17/2026,WHITE,0.25,45,F,ETF,None,F,F,488761000000,37434
6/2/2026,3:42:28 PM,QQQ,SWEEP,500,8.15,A,PUT,700,745.465,407500,7/17/2026,WHITE,0.25,45,F,ETF,None,F,F,488761000000,37434
6/2/2026,3:42:22 PM,QQQ,SWEEP,500,8.16,B,PUT,700,745.51,408000,7/17/2026,WHITE,0.25,45,F,ETF,None,F,F,488761000000,37434
6/2/2026,3:42:14 PM,QQQ,SWEEP,500,8.171,B,PUT,700,745.4100000000001,408542,7/17/2026,WHITE,0.25,45,F,ETF,None,F,F,488761000000,37434
6/2/2026,3:41:37 PM,QQQ,BLOCK,100,15.95,,CALL,756,745.39,159500,7/10/2026,YELLOW,0.21,38,F,ETF,None,F,F,488761000000,25
6/2/2026,3:41:25 PM,QQQ,SWEEP,300,6.78,A,PUT,746,745.2655,203400,6/8/2026,YELLOW,0.17,6,F,ETF,None,F,F,488761000000,99
6/2/2026,3:41:12 PM,SPY,SWEEP,199,7.29,B,PUT,605,759.3100000000001,145071,12/18/2026,WHITE,0.27,199,F,ETF,None,F,F,781657000000,10284
6/2/2026,3:41:12 PM,SPY,SWEEP,88,20.287,AA,CALL,865,759.3100000000001,178525,6/17/2027,WHITE,0.16,380,F,ETF,None,F,F,781657000000,1074
6/2/2026,3:41:12 PM,SPY,SWEEP,103,40.608,A,PUT,655,759.3100000000001,418266,12/15/2028,WHITE,0.22,927,F,ETF,None,F,F,781657000000,126
6/2/2026,3:41:11 PM,SPY,SWEEP,132,46.91,B,PUT,760,759.32,619208,6/17/2027,MAGENTA,0.18,380,F,ETF,None,F,F,781657000000,305
6/2/2026,3:41:11 PM,SPY,SWEEP,120,34.858,A,PUT,720,759.32,418297,6/17/2027,WHITE,0.2,380,F,ETF,None,F,F,781657000000,769
6/2/2026,3:41:11 PM,SPY,SWEEP,232,21.86,A,PUT,720,759.32,507152,12/18/2026,WHITE,0.19,199,F,ETF,None,F,F,781657000000,3443
6/2/2026,3:40:52 PM,QQQ,SWEEP,500,8.24,B,PUT,700,745.26,412000,7/17/2026,WHITE,0.25,45,F,ETF,None,F,F,488761000000,37434
6/2/2026,3:40:51 PM,XOP,BLOCK,200,7.5,B,CALL,170,169.005,150000,7/17/2026,WHITE,0.33,45,F,ETF,None,F,F,0,687
6/2/2026,3:40:42 PM,TMF,SWEEP,377,1.07,B,CALL,35,35.24,40339,7/2/2026,YELLOW,0.23,30,F,ETF,None,F,F,0,272
6/2/2026,3:40:41 PM,TMF,BLOCK,368,1.36,A,PUT,35.5,35.24,50048,7/2/2026,YELLOW,0.31,30,F,ETF,None,F,F,0,127
6/2/2026,3:40:40 PM,QQQ,SWEEP,500,8.255,B,PUT,700,745.2437,412736,7/17/2026,WHITE,0.25,45,F,ETF,None,F,F,488761000000,37434
6/2/2026,3:40:34 PM,NASA,BLOCK,399,2.75,A,CALL,40,37.910000000000004,109715,6/18/2026,WHITE,1.13,16,F,ETF,None,F,F,0,7713
6/2/2026,3:40:30 PM,IWM,SWEEP,679,2.249,A,PUT,282,291.56,152686,6/18/2026,WHITE,0.25,16,F,ETF,None,F,F,78793000000,78663
6/2/2026,3:40:30 PM,SMH,SWEEP,178,0.592,AA,PUT,425,628.36,10529,6/12/2026,YELLOW,1.12,10,F,ETF,None,F,F,0,166
6/2/2026,3:40:23 PM,SPY,BLOCK,350,13.63,A,CALL,790,759.375,477050,9/18/2026,WHITE,0.15,108,F,ETF,None,F,F,781657000000,13181
6/2/2026,3:40:09 PM,QQQ,BLOCK,1300,1.18,A,PUT,740,745.255,153400,6/3/2026,MAGENTA,0.2,1,F,ETF,None,F,T,488761000000,1858
6/2/2026,3:40:02 PM,SPY,SWEEP,2342,0.48,A,CALL,759,759.33,112415,6/2/2026,MAGENTA,0.02,1,F,ETF,None,F,T,781657000000,9489
6/2/2026,3:39:52 PM,IBIT,BLOCK,700,0.39,B,CALL,38.5,37.7701,27300,6/5/2026,YELLOW,0.5,3,F,ETF,None,F,T,0,58
6/2/2026,3:39:35 PM,XME,SWEEP,852,3.6,B,CALL,135,132.6096,306720,6/18/2026,WHITE,0.41,16,F,ETF,None,F,F,5258000000,4568
6/2/2026,3:39:10 PM,SMH,BLOCK,1000,108.25,B,PUT,670,628.9261,10825000,1/15/2027,YELLOW,0.46,227,F,ETF,None,F,F,0,1
6/2/2026,3:38:43 PM,SPY,BLOCK,100,10.57,A,PUT,750,759.33,105700,7/17/2026,WHITE,0.15,45,F,ETF,None,F,F,781657000000,11159
6/2/2026,3:38:23 PM,VIX,BLOCK,4542,0.56,B,CALL,60,0,254352,9/16/2026,WHITE,0,106,F,ETF,None,F,F,0,27847
6/2/2026,3:38:15 PM,TQQQ,BLOCK,320,3.13,B,CALL,85,86.95,100160,6/5/2026,WHITE,0.64,3,F,ETF,None,F,T,0,6731
6/2/2026,3:37:57 PM,BITX,BLOCK,800,0.66,B,PUT,13,13.67,52800,6/18/2026,YELLOW,0.86,16,F,ETF,None,F,F,0,567
6/2/2026,3:37:48 PM,QQQ,BLOCK,100,18.01,B,CALL,745,745.39,180100,6/30/2026,WHITE,0.21,28,F,ETF,None,F,F,488761000000,1738
6/2/2026,3:37:38 PM,SMH,SWEEP,137,65.955,AA,PUT,635,629.12,903580,9/18/2026,YELLOW,0.48,108,F,ETF,None,F,F,0,58
6/2/2026,3:37:37 PM,QQQ,SWEEP,150,16.501,A,PUT,761,745.4100000000001,247514,6/8/2026,YELLOW,0.16,6,F,ETF,None,F,F,488761000000,0
6/2/2026,3:37:29 PM,QQQ,BLOCK,100,14.19,A,PUT,740,745.4100000000001,141900,6/30/2026,WHITE,0.21,28,F,ETF,None,F,F,488761000000,945
6/2/2026,3:37:24 PM,SMH,BLOCK,100,66.981,A,CALL,635,629.11,669806,9/18/2026,WHITE,0.49,108,F,ETF,None,F,F,0,1166
6/2/2026,3:37:15 PM,QQQ,BLOCK,350,10.57,B,CALL,745,745.5,369950,6/12/2026,MAGENTA,0.2,10,F,ETF,None,F,F,488761000000,3163
6/2/2026,3:37:15 PM,QQQ,BLOCK,200,12.05,A,CALL,800,745.51,241000,8/21/2026,WHITE,0.21,80,F,ETF,None,F,F,488761000000,4677
6/2/2026,3:37:10 PM,ASHR,SWEEP,995,1.37,B,CALL,35,36.2,136356,6/18/2026,WHITE,0.19,16,F,ETF,None,F,F,0,16207
6/2/2026,3:37:05 PM,IWM,SWEEP,626,2.23,B,PUT,282,291.58,139598,6/18/2026,WHITE,0.25,16,F,ETF,None,F,F,78793000000,78663
6/2/2026,3:36:53 PM,IBIT,SWEEP,168,0.76,A,CALL,38,37.725,12768,6/8/2026,YELLOW,0.46,6,F,ETF,None,F,F,0,23
6/2/2026,3:36:39 PM,SPY,SWEEP,223,16.29,A,PUT,765,759.45,363267,7/17/2026,YELLOW,0.13,45,F,ETF,None,F,F,781657000000,189
6/2/2026,3:36:39 PM,SPY,SWEEP,557,16.78,A,PUT,766,759.45,934646,7/17/2026,YELLOW,0.13,45,F,ETF,None,F,F,781657000000,9
6/2/2026,3:36:32 PM,EWY,SWEEP,178,0.9,A,PUT,143,213.57000000000002,16020,6/18/2026,YELLOW,1.17,16,F,ETF,None,F,F,24576000000,68
6/2/2026,3:36:09 PM,IWM,BLOCK,1000,3.0,A,PUT,285,291.54,300000,6/18/2026,WHITE,0.24,16,F,ETF,None,F,F,78793000000,24229
6/2/2026,3:36:06 PM,QQQ,SWEEP,106,15.364,A,CALL,732,745.4099,162855,6/5/2026,WHITE,0.24,3,F,ETF,None,F,T,488761000000,498
6/2/2026,3:36:05 PM,IGV,SWEEP,1904,0.6,,CALL,108,104.68990000000001,114240,6/5/2026,YELLOW,0.46,3,F,ETF,None,F,T,0,994
6/2/2026,3:35:34 PM,IYR,SWEEP,170,0.85,A,CALL,100.5,100.025,14450,6/12/2026,YELLOW,0.16,10,F,ETF,None,F,F,4828000000,1
6/2/2026,3:34:59 PM,IBIT,SWEEP,1028,1.27,A,PUT,38,37.665,130556,6/12/2026,MAGENTA,0.44,10,F,ETF,None,F,F,0,2232
6/2/2026,3:34:59 PM,IBIT,SWEEP,2227,0.44,A,PUT,37,37.665,97988,6/5/2026,YELLOW,0.54,3,F,ETF,None,F,T,0,1061
6/2/2026,3:34:59 PM,IBIT,SWEEP,156,0.76,A,CALL,38.5,37.660000000000004,11856,6/12/2026,YELLOW,0.45,10,F,ETF,None,F,F,0,44
6/2/2026,3:34:59 PM,IBIT,SWEEP,354,0.57,A,CALL,39,37.660000000000004,20178,6/12/2026,YELLOW,0.44,10,F,ETF,None,F,F,0,124
6/2/2026,3:34:59 PM,IBIT,SWEEP,150,0.81,A,CALL,37.5,37.660000000000004,12150,6/5/2026,YELLOW,0.53,3,F,ETF,None,F,T,0,7
6/2/2026,3:34:45 PM,QQQ,BLOCK,350,10.52,,CALL,745,745.3100000000001,368200,6/12/2026,MAGENTA,0.21,10,F,ETF,None,F,F,488761000000,3163
6/2/2026,3:34:40 PM,SMH,BLOCK,500,2.1,A,PUT,500,628.9,105000,6/18/2026,WHITE,0.71,16,F,ETF,None,F,F,0,13128
6/2/2026,3:34:25 PM,SPXW,BLOCK,258,21.0,A,CALL,7590,0,541800,6/2/2026,MAGENTA,0,1,F,ETF,None,F,T,0,986
6/2/2026,3:33:59 PM,QQQ,BLOCK,200,7.33,B,PUT,740,745.3000000000001,146600,6/12/2026,MAGENTA,0.2,10,F,ETF,None,F,F,488761000000,2727
6/2/2026,3:33:52 PM,IWM,SWEEP,695,2.26,A,PUT,282,291.48,157070,6/18/2026,WHITE,0.25,16,F,ETF,None,F,F,78793000000,78663
6/2/2026,3:33:51 PM,IBIT,SWEEP,300,0.36,B,PUT,37.5,37.605000000000004,10800,6/3/2026,YELLOW,0.53,1,F,ETF,None,F,T,0,173
6/2/2026,3:33:27 PM,FXI,BLOCK,750,0.16,B,CALL,37,36.4,12000,6/5/2026,YELLOW,0.29,3,F,ETF,None,F,T,5494000000,117
6/2/2026,3:33:14 PM,QQQ,BLOCK,200,11.95,A,CALL,800,745.15,239000,8/21/2026,WHITE,0.21,80,F,ETF,None,F,F,488761000000,4677
6/2/2026,3:33:13 PM,QQQ,SWEEP,1344,1.2,A,PUT,683,745.1800000000001,161280,6/18/2026,WHITE,0.28,16,F,ETF,None,F,F,488761000000,5254
6/2/2026,3:32:44 PM,QQQ,BLOCK,239,9.77,,PUT,708,745.13,233504,7/17/2026,YELLOW,0.24,45,F,ETF,None,F,F,488761000000,148
6/2/2026,3:32:41 PM,SPY,SWEEP,2143,19.81,B,PUT,750,759.3835,4245283,9/18/2026,WHITE,0.16,108,F,ETF,None,F,F,781657000000,8497
6/2/2026,3:32:35 PM,EWY,BLOCK,210,0.5,A,PUT,146,213.38,10500,6/12/2026,YELLOW,1.26,10,F,ETF,None,F,F,24576000000,30
6/2/2026,3:32:35 PM,SPY,SWEEP,2465,19.81,A,PUT,750,759.38,4883165,9/18/2026,WHITE,0.16,108,F,ETF,None,F,F,781657000000,8497
6/2/2026,3:32:16 PM,EWY,SWEEP,250,0.9,B,PUT,144,213.37550000000002,22500,6/18/2026,YELLOW,1.15,16,F,ETF,None,F,F,24576000000,219
6/2/2026,3:31:54 PM,SPY,BLOCK,115,10.41,B,CALL,762,759.385,119715,7/2/2026,WHITE,0.13,30,F,ETF,None,F,F,781657000000,266
6/2/2026,3:31:52 PM,IWM,SWEEP,2500,1.516,B,CALL,290,291.52000000000004,379017,6/2/2026,MAGENTA,0,1,F,ETF,None,F,T,78793000000,5568
6/2/2026,3:31:23 PM,SPY,BLOCK,300,7.8,A,CALL,775,759.455,234000,7/17/2026,WHITE,0.13,45,F,ETF,None,F,F,781657000000,9391
6/2/2026,3:31:19 PM,QQQ,SWEEP,1057,0.19,B,PUT,727,745.3100000000001,20083,6/3/2026,YELLOW,0.28,1,F,ETF,None,F,T,488761000000,823
6/2/2026,3:31:03 PM,GRNY,BLOCK,250,5.0,B,CALL,24,27.705000000000002,125000,1/15/2027,WHITE,0.3,227,F,ETF,None,F,F,0,333
6/2/2026,3:31:01 PM,EWY,SWEEP,2536,0.9,A,PUT,144,213.5,228151,6/18/2026,YELLOW,1.15,16,F,ETF,None,F,F,24576000000,219
6/2/2026,3:30:51 PM,QQQ,SWEEP,135,12.583,A,PUT,720,745.24,169867,7/17/2026,WHITE,0.23,45,F,ETF,None,F,F,488761000000,5811
6/2/2026,3:30:31 PM,ARKK,SWEEP,408,5.1,A,CALL,85,79.815,208080,9/18/2026,WHITE,0.4,108,F,ETF,None,F,F,0,6940
6/2/2026,3:30:17 PM,IGV,BLOCK,1000,5.3,A,CALL,110,104.64630000000001,530000,8/21/2026,WHITE,0.37,80,F,ETF,None,F,F,0,9287
6/2/2026,3:30:15 PM,IBIT,BLOCK,244,0.8,,CALL,38,37.8999,19520,6/8/2026,YELLOW,0.43,6,F,ETF,None,F,F,0,23
6/2/2026,3:30:04 PM,SPY,SWEEP,442,2.32,AA,PUT,755,759.3301,102548,6/8/2026,WHITE,0.11,6,F,ETF,None,F,F,781657000000,3478
6/2/2026,3:30:01 PM,QQQ,BLOCK,200,7.36,A,PUT,740,745.14,147200,6/12/2026,MAGENTA,0.2,10,F,ETF,None,F,F,488761000000,2727
6/2/2026,3:30:00 PM,IWM,SWEEP,656,2.26,B,PUT,282,291.47,148256,6/18/2026,WHITE,0.25,16,F,ETF,None,F,F,78793000000,78663
6/2/2026,3:29:56 PM,IBIT,SWEEP,199,0.62,A,CALL,38,37.870000000000005,12338,6/5/2026,YELLOW,0.49,3,F,ETF,None,F,T,0,82
6/2/2026,3:29:46 PM,XLE,SWEEP,2500,0.04,A,PUT,55.5,58.105000000000004,10000,6/5/2026,YELLOW,0.32,3,F,ETF,None,F,T,0,2276
6/2/2026,3:29:35 PM,QQQ,BLOCK,99,36.47,A,CALL,755,745.02,361053,9/18/2026,WHITE,0.24,108,F,ETF,None,F,F,488761000000,7459
6/2/2026,3:29:22 PM,SPY,BLOCK,160,50.83,B,CALL,725,759.32,813280,8/31/2026,WHITE,0.19,90,F,ETF,None,F,F,781657000000,2156
6/2/2026,3:29:19 PM,SPY,BLOCK,160,50.82,B,CALL,725,759.32,813120,8/31/2026,WHITE,0.19,90,F,ETF,None,F,F,781657000000,2156
6/2/2026,3:29:10 PM,SPY,BLOCK,100,50.87,B,CALL,725,759.3396,508700,8/31/2026,WHITE,0.19,90,F,ETF,None,F,F,781657000000,2156
6/2/2026,3:29:08 PM,SPY,BLOCK,100,50.81,B,CALL,725,759.33,508100,8/31/2026,WHITE,0.19,90,F,ETF,None,F,F,781657000000,2156
6/2/2026,3:29:07 PM,EWY,SWEEP,238,0.851,B,PUT,144,213.31,20250,6/18/2026,YELLOW,1.14,16,F,ETF,None,F,F,24576000000,219
6/2/2026,3:29:06 PM,SMH,SWEEP,400,29.8,B,PUT,600,628.75,1192000,7/17/2026,MAGENTA,0.51,45,F,ETF,None,F,F,0,878
6/2/2026,3:28:58 PM,SPY,SWEEP,600,2.64,A,PUT,761,759.36,158400,6/3/2026,YELLOW,0.11,1,F,ETF,None,F,T,781657000000,201
6/2/2026,3:28:52 PM,IBIT,SWEEP,400,0.26,A,PUT,37.5,37.9099,10400,6/3/2026,YELLOW,0.55,1,F,ETF,None,F,T,0,173
6/2/2026,3:28:49 PM,XLK,SWEEP,278,5.207,A,CALL,250,197.66,144750,1/15/2027,YELLOW,0.31,227,F,ETF,None,F,F,0,6
6/2/2026,3:28:41 PM,IBIT,BLOCK,400,0.26,B,PUT,37.5,37.905,10400,6/3/2026,YELLOW,0.55,1,F,ETF,None,F,T,0,173
6/2/2026,3:28:18 PM,QQQ,BLOCK,100,27.083,A,CALL,740,745.1800000000001,270828,7/17/2026,WHITE,0.22,45,F,ETF,None,F,F,488761000000,7460
6/2/2026,3:28:16 PM,SOXX,BLOCK,1000,0.9,B,PUT,535,600.99,90000,6/5/2026,YELLOW,0.79,3,F,ETF,None,F,T,0,294
6/2/2026,3:27:55 PM,SOXX,SWEEP,287,7.5,A,PUT,535,601.0600000000001,215250,6/18/2026,MAGENTA,0.63,16,F,ETF,None,F,F,0,532
6/2/2026,3:27:35 PM,SPY,BLOCK,200,41.76,B,CALL,725,759.465,835200,7/17/2026,WHITE,0.18,45,F,ETF,None,F,F,781657000000,4070
6/2/2026,3:27:34 PM,EWY,SWEEP,1453,1.75,A,PUT,195,213.42000000000002,254270,6/5/2026,YELLOW,1.04,3,F,ETF,None,F,T,24576000000,553
6/2/2026,3:27:34 PM,SMH,SWEEP,75,14.05,B,PUT,505,629.33,105375,8/21/2026,WHITE,0.54,80,F,ETF,None,F,F,0,205
6/2/2026,3:27:33 PM,SPY,BLOCK,200,41.77,B,CALL,725,759.465,835400,7/17/2026,WHITE,0.18,45,F,ETF,None,F,F,781657000000,4070
6/2/2026,3:27:29 PM,ERO,BLOCK,2500,1.9,A,CALL,40,32.43,475000,8/21/2026,WHITE,0.7,80,F,ETF,Materials,F,F,3174000000,5764
6/2/2026,3:27:29 PM,SPY,BLOCK,200,41.79,B,CALL,725,759.49,835800,7/17/2026,WHITE,0.18,45,F,ETF,None,F,F,781657000000,4070
6/2/2026,3:27:27 PM,SPY,BLOCK,200,41.78,B,CALL,725,759.49,835600,7/17/2026,WHITE,0.18,45,F,ETF,None,F,F,781657000000,4070
6/2/2026,3:27:26 PM,QQQ,SWEEP,179,5.939,B,CALL,774,745.4100000000001,106307,6/30/2026,WHITE,0.19,28,F,ETF,None,F,F,488761000000,275
6/2/2026,3:27:26 PM,QQQ,SWEEP,164,1.77,B,CALL,815,745.4100000000001,29028,7/10/2026,YELLOW,0.19,38,F,ETF,None,F,F,488761000000,41
6/2/2026,3:27:23 PM,SPY,BLOCK,100,41.85,B,CALL,725,759.4863,418500,7/17/2026,WHITE,0.18,45,F,ETF,None,F,F,781657000000,4070
6/2/2026,3:27:20 PM,SPY,BLOCK,100,41.76,B,CALL,725,759.5,417600,7/17/2026,WHITE,0.18,45,F,ETF,None,F,F,781657000000,4070
6/2/2026,3:27:14 PM,QQQ,BLOCK,102,14.86,A,PUT,700,745.39,151572,8/21/2026,WHITE,0.25,80,F,ETF,None,F,F,488761000000,17018
6/2/2026,3:26:25 PM,QQQ,BLOCK,200,5.93,,CALL,741,745.4,118600,6/3/2026,MAGENTA,0.21,1,F,ETF,None,F,T,488761000000,877
6/2/2026,3:26:09 PM,GLD,SWEEP,1001,5.956,BB,PUT,413,411.86,596213,6/12/2026,YELLOW,0.2,10,F,ETF,None,F,F,151122000000,158
6/2/2026,3:26:06 PM,IWM,SWEEP,633,2.24,B,PUT,282,291.534937,141792,6/18/2026,WHITE,0.25,16,F,ETF,None,F,F,78793000000,78663
6/2/2026,3:26:00 PM,IWM,SWEEP,1460,0.52,B,PUT,292,291.54,75920,6/2/2026,YELLOW,0.04,1,F,ETF,None,F,T,78793000000,282
6/2/2026,3:25:41 PM,SPY,BLOCK,300,9.7,B,PUT,759,759.5400000000001,291000,6/26/2026,MAGENTA,0.13,24,F,ETF,None,F,F,781657000000,409
6/2/2026,3:25:20 PM,SPY,BLOCK,2859,0.66,B,PUT,760,759.52,188694,6/2/2026,MAGENTA,0.03,1,F,ETF,None,F,T,781657000000,4177
6/2/2026,3:25:15 PM,SMH,SWEEP,6499,0.599,AA,PUT,425,629.6700000000001,389368,6/12/2026,YELLOW,1.13,10,F,ETF,None,F,F,0,166
6/2/2026,3:25:06 PM,SPY,BLOCK,288,5.2,A,CALL,758,759.5400000000001,149760,6/8/2026,MAGENTA,0.11,6,F,ETF,None,F,F,781657000000,627
6/2/2026,3:25:01 PM,GLD,SWEEP,1108,0.22,A,CALL,427,411.77500000000003,24376,6/5/2026,YELLOW,0.25,3,F,ETF,None,F,T,151122000000,595
6/2/2026,3:24:26 PM,IBIT,BLOCK,250,0.53,B,CALL,39,37.965,13250,6/10/2026,YELLOW,0.42,8,F,ETF,None,F,F,0,33
6/2/2026,3:24:17 PM,SPY,SWEEP,1250,1.45,B,PUT,754,759.485,181250,6/5/2026,MAGENTA,0.13,3,F,ETF,None,F,T,781657000000,1953
6/2/2026,3:23:58 PM,SPXW,BLOCK,150,7.207,AA,CALL,7605,0,108100,6/2/2026,MAGENTA,0,1,F,ETF,None,F,T,0,1614
6/2/2026,3:23:44 PM,QQQ,SWEEP,300,7.05,A,PUT,752,745.5499,211500,6/3/2026,YELLOW,0.18,1,F,ETF,None,F,T,488761000000,6
6/2/2026,3:23:40 PM,SPXW,BLOCK,439,14.1,,CALL,7615,0,618990,6/3/2026,MAGENTA,0,1,F,ETF,None,F,T,0,1067
6/2/2026,3:23:11 PM,SPXW,BLOCK,101,11.1,B,CALL,7600,0,112112,6/2/2026,MAGENTA,0,1,F,ETF,None,F,T,0,4068
6/2/2026,3:23:07 PM,SPY,SWEEP,380,46.75,A,PUT,760,759.49,1776500,6/17/2027,YELLOW,0.18,380,F,ETF,None,F,F,781657000000,305
6/2/2026,3:23:03 PM,SPY,BLOCK,90,15.87,B,CALL,759,759.4501,142830,7/17/2026,WHITE,0.14,45,F,ETF,None,F,F,781657000000,644
6/2/2026,3:22:59 PM,QQQ,SWEEP,250,0.608,A,CALL,785,745.53,15190,6/15/2026,YELLOW,0.17,13,F,ETF,None,F,F,488761000000,0
6/2/2026,3:22:53 PM,IBIT,SWEEP,500,0.45,B,CALL,38.5,38.019,22500,6/5/2026,YELLOW,0.48,3,F,ETF,None,F,T,0,58
6/2/2026,3:22:45 PM,GLD,SWEEP,600,3.212,B,CALL,418,411.76,192735,6/12/2026,WHITE,0.21,10,F,ETF,None,F,F,151122000000,2136
6/2/2026,3:22:44 PM,IGV,SWEEP,250,5.7,A,CALL,100,104.52000000000001,142500,6/12/2026,WHITE,0.42,10,F,ETF,None,F,F,0,2606
6/2/2026,3:22:39 PM,IGV,BLOCK,200,8.0,A,CALL,100,104.51,160000,7/17/2026,WHITE,0.36,45,F,ETF,None,F,F,0,19950
6/2/2026,3:22:30 PM,QQQ,BLOCK,250,4.41,A,CALL,748,745.525,110250,6/5/2026,MAGENTA,0.2,3,F,ETF,None,F,T,488761000000,2000
6/2/2026,3:22:30 PM,SLV,SWEEP,200,1.887,A,PUT,67,67.89,37730,6/17/2026,YELLOW,0.43,15,F,ETF,None,F,F,0,0
6/2/2026,3:22:28 PM,GLD,SWEEP,400,3.247,B,CALL,418,411.76,129898,6/12/2026,WHITE,0.21,10,F,ETF,None,F,F,151122000000,2136
6/2/2026,3:22:27 PM,QQQ,SWEEP,326,10.02,B,CALL,746,745.52,326652,6/12/2026,MAGENTA,0.2,10,F,ETF,None,F,F,488761000000,1061
6/2/2026,3:22:26 PM,QQQ,SWEEP,250,5.96,A,CALL,751,745.5400000000001,149000,6/10/2026,YELLOW,0.19,8,F,ETF,None,F,F,488761000000,55
6/2/2026,3:22:25 PM,SPXW,BLOCK,104,10.709,AA,CALL,7600,0,111376,6/2/2026,MAGENTA,0,1,F,ETF,None,F,T,0,4068
6/2/2026,3:22:19 PM,SMH,SWEEP,219,0.58,A,PUT,425,629.45,12702,6/12/2026,YELLOW,1.12,10,F,ETF,None,F,F,0,166
6/2/2026,3:22:07 PM,SMH,SWEEP,250,0.56,B,PUT,425,629.33,14000,6/12/2026,YELLOW,1.11,10,F,ETF,None,F,F,0,166
6/2/2026,3:21:39 PM,QQQ,SWEEP,500,1.82,B,PUT,713,745.4100000000001,91000,6/12/2026,YELLOW,0.24,10,F,ETF,None,F,F,488761000000,255
6/2/2026,3:20:40 PM,SPY,SWEEP,157,48.62,A,CALL,775,759.36,763334,3/19/2027,WHITE,0.19,290,F,ETF,None,F,F,781657000000,7740
6/2/2026,3:20:39 PM,QQQ,SWEEP,350,9.96,A,CALL,746,745.35,348600,6/12/2026,MAGENTA,0.2,10,F,ETF,None,F,F,488761000000,1061
6/2/2026,3:20:34 PM,QQQ,BLOCK,142,8.73,B,PUT,736,745.4,123966,6/18/2026,WHITE,0.21,16,F,ETF,None,F,F,488761000000,872
6/2/2026,3:20:01 PM,GLD,BLOCK,1000,5.35,A,CALL,413,411.84000000000003,535000,6/12/2026,YELLOW,0.21,10,F,ETF,None,F,F,151122000000,659
6/2/2026,3:19:51 PM,IBIT,SWEEP,339,3.05,A,PUT,35,38.005,103395,11/20/2026,WHITE,0.46,171,F,ETF,None,F,F,0,948
6/2/2026,3:19:44 PM,SPXW,BLOCK,85,13.299,A,CALL,7615,0,113044,6/3/2026,MAGENTA,0,1,F,ETF,None,F,T,0,1067
6/2/2026,3:18:50 PM,SQQQ,BLOCK,500,2.32,B,CALL,40,37.0655,116000,7/17/2026,MAGENTA,0.66,45,F,ETF,None,F,F,0,2924
6/2/2026,3:18:36 PM,SH,BLOCK,190,0.55,,CALL,33,32.76,10450,7/17/2026,YELLOW,0.14,45,F,ETF,None,F,F,0,174
6/2/2026,3:18:35 PM,SPXW,BLOCK,115,9.602,B,CALL,7600,0,110420,6/2/2026,MAGENTA,0,1,F,ETF,None,F,T,0,4068
6/2/2026,3:17:54 PM,RSP,SWEEP,461,1.0,B,PUT,205,209.905,46100,6/18/2026,YELLOW,0.16,16,F,ETF,None,F,F,89137000000,454
6/2/2026,3:17:25 PM,SMCX,BLOCK,750,0.53,B,PUT,20,34.411300000000004,39750,6/18/2026,YELLOW,2.04,16,F,ETF,None,F,F,0,366
6/2/2026,3:17:22 PM,SPY,SWEEP,255,6.1,A,PUT,745,759.2900000000001,155550,6/30/2026,WHITE,0.15,28,F,ETF,None,F,F,781657000000,12033
6/2/2026,3:17:03 PM,IGV,SWEEP,521,0.357,B,PUT,96,104.36500000000001,18622,6/12/2026,YELLOW,0.41,10,F,ETF,None,F,F,0,24
6/2/2026,3:16:53 PM,SPY,SWEEP,319,30.37,B,PUT,760,759.35,968803,11/20/2026,MAGENTA,0.16,171,F,ETF,None,F,F,781657000000,346
6/2/2026,3:16:50 PM,SPY,BLOCK,500,2.08,B,PUT,760,759.315,104000,6/3/2026,MAGENTA,0.11,1,F,ETF,None,F,T,781657000000,1433
6/2/2026,3:15:17 PM,XLE,SWEEP,840,0.18,A,CALL,65,58.067800000000005,15120,6/26/2026,YELLOW,0.31,24,F,ETF,None,F,F,0,42
6/2/2026,3:15:02 PM,SPY,BLOCK,128,30.17,A,CALL,765,759.235,386176,10/16/2026,WHITE,0.16,136,F,ETF,None,F,F,781657000000,2023
6/2/2026,3:14:56 PM,SPY,SWEEP,9422,0.11,A,CALL,760,759.23,103460,6/2/2026,MAGENTA,0.02,1,F,ETF,None,F,T,781657000000,12950
6/2/2026,3:14:38 PM,SPY,SWEEP,2000,0.1,B,CALL,781,759.22,20000,6/11/2026,YELLOW,0.09,9,F,ETF,None,F,F,781657000000,23
6/2/2026,3:14:33 PM,NVDL,BLOCK,200,1.24,A,CALL,123,113.85000000000001,24800,6/5/2026,YELLOW,1.02,3,F,ETF,None,F,T,0,151
6/2/2026,3:13:32 PM,MTUM,SWEEP,138,12.1,A,PUT,320,325.26,166978,7/17/2026,YELLOW,0.33,45,F,ETF,None,F,F,0,86
6/2/2026,3:13:30 PM,SPX,BLOCK,100,503.19,,CALL,7600,0,5031900,1/15/2027,ORANGE,0,227,F,ETF,None,F,F,0,5780
6/2/2026,3:13:30 PM,SPX,BLOCK,100,337.81,,CALL,7800,0,3378100,12/18/2026,ORANGE,0,199,F,ETF,None,F,F,0,17589
6/2/2026,3:13:28 PM,IBIT,BLOCK,730,0.47,B,CALL,38.5,38.0501,34310,6/5/2026,YELLOW,0.48,3,F,ETF,None,F,T,0,58
6/2/2026,3:13:25 PM,SPY,SWEEP,426,2.5,A,PUT,749,759.35,106500,6/12/2026,MAGENTA,0.13,10,F,ETF,None,F,F,781657000000,952
6/2/2026,3:13:22 PM,MTUM,SWEEP,116,12.0,A,PUT,320,325.24,139200,7/17/2026,YELLOW,0.33,45,F,ETF,None,F,F,0,86
6/2/2026,3:12:59 PM,SMH,SWEEP,1005,1.902,B,PUT,500,629.5301000000001,191105,6/18/2026,WHITE,0.69,16,F,ETF,None,F,F,0,13128
6/2/2026,3:12:41 PM,SPY,BLOCK,100,6.85,A,PUT,763,759.35,68500,6/11/2026,YELLOW,0.11,9,F,ETF,None,F,F,781657000000,0
6/2/2026,3:12:27 PM,SH,SWEEP,190,0.55,A,CALL,33,32.755,10450,7/17/2026,YELLOW,0.14,45,F,ETF,None,F,F,0,174
6/2/2026,3:12:24 PM,QQQ,SWEEP,83,1.64,A,CALL,805,745.4099,13612,7/2/2026,YELLOW,0.19,30,F,ETF,None,F,F,488761000000,57
6/2/2026,3:12:11 PM,QQQ,SWEEP,772,14.78,A,PUT,700,745.365,1141016,8/21/2026,WHITE,0.25,80,F,ETF,None,F,F,488761000000,17018
6/2/2026,3:11:51 PM,SH,SWEEP,195,0.582,A,CALL,33,32.7593,11355,7/17/2026,YELLOW,0.15,45,F,ETF,None,F,F,0,174
6/2/2026,3:11:38 PM,SOXX,BLOCK,99,67.35,B,PUT,645,601.59,666765,7/10/2026,YELLOW,0.54,38,F,ETF,None,F,F,0,0
6/2/2026,3:11:29 PM,QQQ,SWEEP,294,14.75,A,PUT,700,745.405,433650,8/21/2026,WHITE,0.25,80,F,ETF,None,F,F,488761000000,17018
6/2/2026,3:11:26 PM,QQQ,BLOCK,91,14.75,A,PUT,700,745.44,134225,8/21/2026,WHITE,0.25,80,F,ETF,None,F,F,488761000000,17018
6/2/2026,3:11:18 PM,QQQ,BLOCK,94,14.75,A,PUT,700,745.36,138650,8/21/2026,WHITE,0.25,80,F,ETF,None,F,F,488761000000,17018
6/2/2026,3:11:16 PM,QQQ,SWEEP,1515,0.75,B,CALL,745,745.3699,113626,6/2/2026,MAGENTA,0.03,1,F,ETF,None,F,T,488761000000,6611
6/2/2026,3:10:50 PM,DRAM,BLOCK,172,16.0,A,CALL,55,69.49000000000001,275200,6/26/2026,WHITE,0.97,24,F,ETF,None,F,F,0,926
6/2/2026,3:10:39 PM,QQQ,SWEEP,2220,1.45,A,CALL,744,745.2850000000001,321900,6/2/2026,MAGENTA,0.03,1,F,ETF,None,F,T,488761000000,4233
6/2/2026,3:10:22 PM,IWM,SWEEP,299,0.664,B,CALL,300,291.515,19857,6/10/2026,YELLOW,0.19,8,F,ETF,None,F,F,78793000000,193
6/2/2026,3:10:19 PM,QQQ,SWEEP,81,14.75,A,PUT,700,745.2900000000001,119475,8/21/2026,WHITE,0.25,80,F,ETF,None,F,F,488761000000,17018
6/2/2026,3:10:16 PM,QQQ,SWEEP,538,14.75,A,PUT,700,745.32,793550,8/21/2026,WHITE,0.25,80,F,ETF,None,F,F,488761000000,17018
6/2/2026,3:10:15 PM,SMH,SWEEP,565,18.781,A,CALL,650,629.23,1061135,6/18/2026,WHITE,0.52,16,F,ETF,None,F,F,0,4422
6/2/2026,3:10:13 PM,QQQ,SWEEP,97,14.75,A,PUT,700,745.2900000000001,143075,8/21/2026,WHITE,0.25,80,F,ETF,None,F,F,488761000000,17018
6/2/2026,3:09:56 PM,QQQ,BLOCK,1000,19.19,A,PUT,700,745.15,1919000,9/18/2026,WHITE,0.25,108,F,ETF,None,F,F,488761000000,35552
6/2/2026,3:09:50 PM,QQQ,SWEEP,1001,3.464,AA,PUT,740,745.14,346790,6/5/2026,MAGENTA,0.21,3,F,ETF,None,F,T,488761000000,8216
