CreatedDate,CreatedTime,Symbol,Type,Volume,Price,Side,CallPut,Strike,Spot,Premium,ExpirationDate,Color,ImpliedVolatility,Dte,ER,StockEtf,Sector,Uoa,Weekly,MktCap,OI
7/10/2026,10:04:18 AM,SPXW,BLOCK,75,10.2947,,PUT,7555,0,77210,7/10/2026,WHITE,0,0,F,INDEX,,F,T,0,0
7/10/2026,10:04:27 AM,SPXW,BLOCK,51,11.1588,,PUT,7555,0,56910,7/10/2026,WHITE,0,0,F,INDEX,,F,T,0,0
7/10/2026,10:09:04 AM,SPXW,ML/,52,11.3606,,PUT,7555,0,59075,7/10/2026,WHITE,0,0,F,INDEX,,F,T,0,0
7/10/2026,10:10:10 AM,SPXW,ML/,101,10.727,,PUT,7555,0,108343,7/10/2026,WHITE,0,0,F,INDEX,,F,T,0,0
7/10/2026,10:13:16 AM,SPXW,BLOCK,104,11.5308,,PUT,7555,0,119920,7/10/2026,WHITE,0,0,F,INDEX,,F,T,0,0
7/10/2026,10:15:03 AM,SPXW,ML/,55,13.2627,,PUT,7555,0,72945,7/10/2026,WHITE,0,0,F,INDEX,,F,T,0,0
7/10/2026,10:15:11 AM,SPXW,BLOCK,51,14.198,,PUT,7555,0,72410,7/10/2026,WHITE,0,0,F,INDEX,,F,T,0,0
7/10/2026,10:16:07 AM,SPXW,BLOCK,103,11.8583,,PUT,7555,0,122140,7/10/2026,WHITE,0,0,F,INDEX,,F,T,0,0
7/10/2026,10:18:43 AM,SPXW,BLOCK,54,11.6037,,PUT,7555,0,62660,7/10/2026,WHITE,0,0,F,INDEX,,F,T,0,0
7/10/2026,10:03:16 AM,SPXW,ML/,69,10.5183,,CALL,7560,0,72576,7/10/2026,WHITE,0,0,F,INDEX,,F,T,0,0
7/10/2026,10:04:23 AM,SPXW,ML/,59,9.2444,,CALL,7560,0,54541,7/10/2026,WHITE,0,0,F,INDEX,,F,T,0,0
7/10/2026,10:04:39 AM,SPXW,BLOCK,98,9.8827,,CALL,7560,0,96850,7/10/2026,WHITE,0,0,F,INDEX,,F,T,0,0
7/10/2026,10:05:10 AM,SPXW,BLOCK,88,9.5398,,CALL,7560,0,83950,7/10/2026,WHITE,0,0,F,INDEX,,F,T,0,0
7/10/2026,10:06:56 AM,SPXW,ML/,164,8.8632,,CALL,7560,0,145357,7/10/2026,WHITE,0,0,F,INDEX,,F,T,0,0
7/10/2026,10:07:05 AM,SPXW,ML/,90,8.2734,,CALL,7560,0,74461,7/10/2026,WHITE,0,0,F,INDEX,,F,T,0,0
7/10/2026,10:07:10 AM,SPXW,ML/,85,8.3271,,CALL,7560,0,70780,7/10/2026,WHITE,0,0,F,INDEX,,F,T,0,0
7/10/2026,10:07:20 AM,SPXW,ML/,779,8.1174,,CALL,7560,0,632349,7/10/2026,WHITE,0,0,F,INDEX,,F,T,0,0
7/10/2026,10:07:42 AM,SPXW,ML/,133,8.316,,CALL,7560,0,110603,7/10/2026,WHITE,0,0,F,INDEX,,F,T,0,0
7/10/2026,10:08:10 AM,SPXW,ML/,112,7.7289,,CALL,7560,0,86564,7/10/2026,WHITE,0,0,F,INDEX,,F,T,0,0
7/10/2026,10:09:04 AM,SPXW,ML/,85,9.0953,,CALL,7560,0,77310,7/10/2026,WHITE,0,0,F,INDEX,,F,T,0,0
7/10/2026,10:09:08 AM,SPXW,ML/,56,9.0164,,CALL,7560,0,50492,7/10/2026,WHITE,0,0,F,INDEX,,F,T,0,0
7/10/2026,10:10:33 AM,SPXW,ML/,55,9.5858,,CALL,7560,0,52722,7/10/2026,WHITE,0,0,F,INDEX,,F,T,0,0
7/10/2026,10:10:47 AM,SPXW,BLOCK,82,9.3463,,CALL,7560,0,76640,7/10/2026,WHITE,0,0,F,INDEX,,F,T,0,0
7/10/2026,10:11:22 AM,SPXW,ML/,56,8.253,,CALL,7560,0,46217,7/10/2026,WHITE,0,0,F,INDEX,,F,T,0,0
7/10/2026,10:12:41 AM,SPXW,ML/,53,8.6509,,CALL,7560,0,45850,7/10/2026,WHITE,0,0,F,INDEX,,F,T,0,0
7/10/2026,10:14:13 AM,SPXW,BLOCK,63,8.0175,,CALL,7560,0,50510,7/10/2026,WHITE,0,0,F,INDEX,,F,T,0,0
7/10/2026,10:14:54 AM,SPXW,ML/,167,7.5199,,CALL,7560,0,125582,7/10/2026,WHITE,0,0,F,INDEX,,F,T,0,0
7/10/2026,10:15:03 AM,SPXW,ML/,121,7.2587,,CALL,7560,0,87830,7/10/2026,WHITE,0,0,F,INDEX,,F,T,0,0
7/10/2026,10:15:10 AM,SPXW,ML/,268,6.7868,,CALL,7560,0,181885,7/10/2026,WHITE,0,0,F,INDEX,,F,T,0,0
7/10/2026,10:16:54 AM,SPXW,ML/,76,8.0467,,CALL,7560,0,61154,7/10/2026,WHITE,0,0,F,INDEX,,F,T,0,0
7/10/2026,10:17:18 AM,SPXW,ML/,76,7.8053,,CALL,7560,0,59319,7/10/2026,WHITE,0,0,F,INDEX,,F,T,0,0
7/10/2026,10:17:41 AM,SPXW,ML/,93,8.4274,,CALL,7560,0,78375,7/10/2026,WHITE,0,0,F,INDEX,,F,T,0,0
7/10/2026,10:19:07 AM,SPXW,ML/,126,6.916,,CALL,7560,0,87141,7/10/2026,WHITE,0,0,F,INDEX,,F,T,0,0
7/10/2026,10:19:09 AM,SPXW,ML/,154,6.743,,CALL,7560,0,103842,7/10/2026,WHITE,0,0,F,INDEX,,F,T,0,0
7/10/2026,10:19:32 AM,SPXW,ML/,88,7.4424,,CALL,7560,0,65492,7/10/2026,WHITE,0,0,F,INDEX,,F,T,0,0
7/10/2026,10:20:26 AM,SPXW,ML/,110,7.4599,,CALL,7560,0,82059,7/10/2026,WHITE,0,0,F,INDEX,,F,T,0,0
7/10/2026,10:21:17 AM,SPXW,ML/,53,6.9709,,CALL,7560,0,36946,7/10/2026,WHITE,0,0,F,INDEX,,F,T,0,0
7/10/2026,10:21:49 AM,SPXW,ML/,77,6.2348,,CALL,7560,0,48008,7/10/2026,WHITE,0,0,F,INDEX,,F,T,0,0
7/10/2026,10:21:53 AM,SPXW,ML/,136,6.0993,,CALL,7560,0,82950,7/10/2026,WHITE,0,0,F,INDEX,,F,T,0,0
7/10/2026,10:06:58 AM,SPXW,ML/,53,14.0613,,PUT,7560,0,74525,7/10/2026,WHITE,0,0,F,INDEX,,F,T,0,0
7/10/2026,10:10:31 AM,SPXW,ML/,53,12.6758,,PUT,7560,0,67182,7/10/2026,WHITE,0,0,F,INDEX,,F,T,0,0
7/10/2026,10:04:24 AM,SPXW,ML/,398,34.1299,,CALL,7525,0,1358372,7/10/2026,WHITE,0,0,F,INDEX,,F,T,0,0
7/10/2026,10:20:52 AM,SPXW,ML/,125,32.3,,CALL,7525,0,403750,7/10/2026,WHITE,0,0,F,INDEX,,F,T,0,0
7/10/2026,10:04:24 AM,SPXW,ML/,399,29.8309,,CALL,7530,0,1190252,7/10/2026,WHITE,0,0,F,INDEX,,F,T,0,0
7/10/2026,10:14:08 AM,SPXW,ML/,439,28.58,,CALL,7530,0,1254662,7/10/2026,WHITE,0,0,F,INDEX,,F,T,0,0
7/10/2026,10:03:34 AM,SPXW,ML/,98,4.2965,,PUT,7535,0,42106,7/10/2026,WHITE,0,0,F,INDEX,,F,T,0,0
7/10/2026,10:03:46 AM,SPXW,ML/,78,4.5047,,PUT,7535,0,35137,7/10/2026,WHITE,0,0,F,INDEX,,F,T,0,0
7/10/2026,10:09:19 AM,SPXW,BLOCK,60,5.3,,PUT,7535,0,31800,7/10/2026,WHITE,0,0,F,INDEX,,F,T,0,0
7/10/2026,10:11:31 AM,SPXW,ML/,58,5.6014,,PUT,7535,0,32488,7/10/2026,WHITE,0,0,F,INDEX,,F,T,0,0
7/10/2026,10:15:07 AM,SPXW,ML/,110,6.3827,,PUT,7535,0,70210,7/10/2026,WHITE,0,0,F,INDEX,,F,T,0,0
7/10/2026,10:16:02 AM,SPXW,ML/,62,5.5682,,PUT,7535,0,34522,7/10/2026,WHITE,0,0,F,INDEX,,F,T,0,0
7/10/2026,10:17:24 AM,SPXW,BLOCK,66,5.1848,,PUT,7535,0,34220,7/10/2026,WHITE,0,0,F,INDEX,,F,T,0,0
7/10/2026,10:19:08 AM,SPXW,BLOCK,200,5.9,,PUT,7535,0,118000,7/10/2026,WHITE,0,0,F,INDEX,,F,T,0,0
7/10/2026,10:21:46 AM,SPXW,ML/,68,6.7001,,PUT,7535,0,45561,7/10/2026,WHITE,0,0,F,INDEX,,F,T,0,0
7/10/2026,10:21:52 AM,SPXW,ML/,78,7.1185,,PUT,7535,0,55524,7/10/2026,WHITE,0,0,F,INDEX,,F,T,0,0
7/10/2026,10:03:00 AM,SPXW,ML/,87,7.9437,,CALL,7565,0,69110,7/10/2026,WHITE,0,0,F,INDEX,,F,T,0,0
7/10/2026,10:04:06 AM,SPXW,ML/,64,7.4877,,CALL,7565,0,47921,7/10/2026,WHITE,0,0,F,INDEX,,F,T,0,0
7/10/2026,10:10:17 AM,SPXW,ML/,56,6.4304,,CALL,7565,0,36010,7/10/2026,WHITE,0,0,F,INDEX,,F,T,0,0
7/10/2026,10:11:39 AM,SPXW,BLOCK,50,6.2,,CALL,7565,0,31000,7/10/2026,WHITE,0,0,F,INDEX,,F,T,0,0
7/10/2026,10:14:01 AM,SPXW,ML/,51,6.4002,,CALL,7565,0,32641,7/10/2026,WHITE,0,0,F,INDEX,,F,T,0,0
7/10/2026,10:14:35 AM,SPXW,ML/,70,5.9,,CALL,7565,0,41300,7/10/2026,WHITE,0,0,F,INDEX,,F,T,0,0
7/10/2026,10:15:08 AM,SPXW,ML/,56,5.1741,,CALL,7565,0,28975,7/10/2026,WHITE,0,0,F,INDEX,,F,T,0,0
7/10/2026,10:15:12 AM,SPXW,ML/,66,5.0802,,CALL,7565,0,33529,7/10/2026,WHITE,0,0,F,INDEX,,F,T,0,0
7/10/2026,10:15:16 AM,SPXW,ML/,57,5.2019,,CALL,7565,0,29651,7/10/2026,WHITE,0,0,F,INDEX,,F,T,0,0
7/10/2026,10:15:38 AM,SPXW,ML/,50,5.529,,CALL,7565,0,27645,7/10/2026,WHITE,0,0,F,INDEX,,F,T,0,0
7/10/2026,10:19:09 AM,SPXW,ML/,62,4.9981,,CALL,7565,0,30988,7/10/2026,WHITE,0,0,F,INDEX,,F,T,0,0
7/10/2026,10:21:17 AM,SPXW,ML/,57,5.0272,,CALL,7565,0,28655,7/10/2026,WHITE,0,0,F,INDEX,,F,T,0,0
7/10/2026,10:21:49 AM,SPXW,ML/,497,4.5768,,CALL,7565,0,227466,7/10/2026,WHITE,0,0,F,INDEX,,F,T,0,0
7/10/2026,10:07:39 AM,SPXW,ML/,51,10.5608,,CALL,7555,0,53860,7/10/2026,WHITE,0,0,F,INDEX,,F,T,0,0
7/10/2026,10:08:11 AM,SPXW,ML/,57,10.077,,CALL,7555,0,57439,7/10/2026,WHITE,0,0,F,INDEX,,F,T,0,0
7/10/2026,10:09:05 AM,SPXW,ML/,55,11.7845,,CALL,7555,0,64815,7/10/2026,WHITE,0,0,F,INDEX,,F,T,0,0
7/10/2026,10:10:09 AM,SPXW,ML/,92,11.768,,CALL,7555,0,108266,7/10/2026,WHITE,0,0,F,INDEX,,F,T,0,0
7/10/2026,10:12:41 AM,SPXW,ML/,57,11.3481,,CALL,7555,0,64683,7/10/2026,WHITE,0,0,F,INDEX,,F,T,0,0
7/10/2026,10:15:02 AM,SPXW,ML/,67,9.6649,,CALL,7555,0,64754,7/10/2026,WHITE,0,0,F,INDEX,,F,T,0,0
7/10/2026,10:15:07 AM,SPXW,ML/,117,9.1634,,CALL,7555,0,107211,7/10/2026,WHITE,0,0,F,INDEX,,F,T,0,0
7/10/2026,10:15:11 AM,SPXW,ML/,71,9.1127,,CALL,7555,0,64700,7/10/2026,WHITE,0,0,F,INDEX,,F,T,0,0
7/10/2026,10:16:04 AM,SPXW,BLOCK,61,10.3279,,CALL,7555,0,63000,7/10/2026,WHITE,0,0,F,INDEX,,F,T,0,0
7/10/2026,10:18:53 AM,SPXW,BLOCK,69,9.6058,,CALL,7555,0,66280,7/10/2026,WHITE,0,0,F,INDEX,,F,T,0,0
7/10/2026,10:19:07 AM,SPXW,ML/,56,9.3812,,CALL,7555,0,52535,7/10/2026,WHITE,0,0,F,INDEX,,F,T,0,0
7/10/2026,10:19:10 AM,SPXW,ML/,58,8.9412,,CALL,7555,0,51859,7/10/2026,WHITE,0,0,F,INDEX,,F,T,0,0
7/10/2026,10:19:12 AM,SPXW,ML/,57,9.1184,,CALL,7555,0,51975,7/10/2026,WHITE,0,0,F,INDEX,,F,T,0,0
7/10/2026,10:21:53 AM,SPXW,ML/,86,8.2844,,CALL,7555,0,71246,7/10/2026,WHITE,0,0,F,INDEX,,F,T,0,0
7/10/2026,10:06:50 AM,SPXW,ML/,101,1.7703,,PUT,7505,0,17880,7/10/2026,WHITE,0,0,F,INDEX,,F,T,0,0
7/10/2026,10:08:21 AM,SPXW,BLOCK,54,2.15,,PUT,7505,0,11610,7/10/2026,WHITE,0,0,F,INDEX,,F,T,0,0
7/10/2026,10:15:02 AM,SPXW,ML/,53,1.9185,,PUT,7505,0,10168,7/10/2026,WHITE,0,0,F,INDEX,,F,T,0,0
7/10/2026,10:15:12 AM,SPXW,ML/,71,2.2076,,PUT,7505,0,15674,7/10/2026,WHITE,0,0,F,INDEX,,F,T,0,0
7/10/2026,10:21:56 AM,SPXW,BLOCK,54,2.2972,,PUT,7505,0,12405,7/10/2026,WHITE,0,0,F,INDEX,,F,T,0,0
7/10/2026,10:04:23 AM,SPXW,ML/,109,9.099,,PUT,7550,0,99179,7/10/2026,WHITE,0,0,F,INDEX,,F,T,0,0
7/10/2026,10:06:44 AM,SPXW,ML/,59,9.1027,,PUT,7550,0,53705,7/10/2026,WHITE,0,0,F,INDEX,,F,T,0,0
7/10/2026,10:07:02 AM,SPXW,BLOCK,62,10.0032,,PUT,7550,0,62020,7/10/2026,WHITE,0,0,F,INDEX,,F,T,0,0
7/10/2026,10:07:05 AM,SPXW,ML/,90,10.3601,,PUT,7550,0,93241,7/10/2026,WHITE,0,0,F,INDEX,,F,T,0,0
7/10/2026,10:07:42 AM,SPXW,ML/,114,10.3844,,PUT,7550,0,118382,7/10/2026,WHITE,0,0,F,INDEX,,F,T,0,0
7/10/2026,10:07:46 AM,SPXW,BLOCK,61,9.4344,,PUT,7550,0,57550,7/10/2026,WHITE,0,0,F,INDEX,,F,T,0,0
7/10/2026,10:08:09 AM,SPXW,ML/,118,10.8929,,PUT,7550,0,128536,7/10/2026,WHITE,0,0,F,INDEX,,F,T,0,0
7/10/2026,10:08:37 AM,SPXW,ML/,115,10.5777,,PUT,7550,0,121644,7/10/2026,WHITE,0,0,F,INDEX,,F,T,0,0
7/10/2026,10:09:26 AM,SPXW,BLOCK,104,8.6375,,PUT,7550,0,89830,7/10/2026,WHITE,0,0,F,INDEX,,F,T,0,0
7/10/2026,10:09:43 AM,SPXW,ML/,119,8.5202,,PUT,7550,0,101390,7/10/2026,WHITE,0,0,F,INDEX,,F,T,0,0
7/10/2026,10:10:17 AM,SPXW,ML/,55,9.4091,,PUT,7550,0,51750,7/10/2026,WHITE,0,0,F,INDEX,,F,T,0,0
7/10/2026,10:10:30 AM,SPXW,ML/,66,8.7424,,PUT,7550,0,57700,7/10/2026,WHITE,0,0,F,INDEX,,F,T,0,0
7/10/2026,10:10:34 AM,SPXW,ML/,112,8.2614,,PUT,7550,0,92528,7/10/2026,WHITE,0,0,F,INDEX,,F,T,0,0
7/10/2026,10:14:34 AM,SPXW,ML/,69,9.6784,,PUT,7550,0,66781,7/10/2026,WHITE,0,0,F,INDEX,,F,T,0,0
7/10/2026,10:15:03 AM,SPXW,ML/,355,11.4338,,PUT,7550,0,405901,7/10/2026,WHITE,0,0,F,INDEX,,F,T,0,0
7/10/2026,10:16:49 AM,SPXW,ML/,50,10.418,,PUT,7550,0,52090,7/10/2026,WHITE,0,0,F,INDEX,,F,T,0,0
7/10/2026,10:19:10 AM,SPXW,ML/,63,11.4379,,PUT,7550,0,72059,7/10/2026,WHITE,0,0,F,INDEX,,F,T,0,0
7/10/2026,10:19:21 AM,SPXW,ML/,87,11.011,,PUT,7550,0,95796,7/10/2026,WHITE,0,0,F,INDEX,,F,T,0,0
7/10/2026,10:19:39 AM,SPXW,ML/,86,9.9088,,PUT,7550,0,85216,7/10/2026,WHITE,0,0,F,INDEX,,F,T,0,0
7/10/2026,10:21:05 AM,SPXW,BLOCK,52,10.3904,,PUT,7550,0,54029,7/10/2026,WHITE,0,0,F,INDEX,,F,T,0,0
7/10/2026,10:21:21 AM,SPXW,ML/,76,11.2307,,PUT,7550,0,85353,7/10/2026,WHITE,0,0,F,INDEX,,F,T,0,0
7/10/2026,10:21:28 AM,SPXW,ML/,90,11.2306,,PUT,7550,0,101075,7/10/2026,WHITE,0,0,F,INDEX,,F,T,0,0
7/10/2026,10:21:34 AM,SPXW,ML/,121,11.3955,,PUT,7550,0,137886,7/10/2026,WHITE,0,0,F,INDEX,,F,T,0,0
7/10/2026,10:21:45 AM,SPXW,ML/,346,12.3356,,PUT,7550,0,426810,7/10/2026,WHITE,0,0,F,INDEX,,F,T,0,0
7/10/2026,10:22:14 AM,SPXW,BLOCK,55,12.1091,,PUT,7550,0,66600,7/10/2026,WHITE,0,0,F,INDEX,,F,T,0,0
7/10/2026,10:22:18 AM,SPXW,ML/,83,11.8034,,PUT,7550,0,97968,7/10/2026,WHITE,0,0,F,INDEX,,F,T,0,0
7/10/2026,10:22:45 AM,SPXW,ML/,254,11.4242,,PUT,7550,0,290175,7/10/2026,WHITE,0,0,F,INDEX,,F,T,0,0
7/10/2026,10:03:00 AM,SPXW,ML/,81,1.9635,,CALL,7585,0,15904,7/10/2026,WHITE,0,0,F,INDEX,,F,T,0,0
7/10/2026,10:04:22 AM,SPXW,ML/,63,1.6402,,CALL,7585,0,10333,7/10/2026,WHITE,0,0,F,INDEX,,F,T,0,0
7/10/2026,10:09:44 AM,SPXW,ML/,74,1.6014,,CALL,7585,0,11850,7/10/2026,WHITE,0,0,F,INDEX,,F,T,0,0
7/10/2026,10:12:19 AM,SPXW,ML/,100,1.42,,CALL,7585,0,14200,7/10/2026,WHITE,0,0,F,INDEX,,F,T,0,0
7/10/2026,10:14:40 AM,SPXW,ML/,200,1.284,,CALL,7585,0,25679,7/10/2026,WHITE,0,0,F,INDEX,,F,T,0,0
7/10/2026,10:19:08 AM,SPXW,ML/,205,1.0193,,CALL,7585,0,20896,7/10/2026,WHITE,0,0,F,INDEX,,F,T,0,0
7/10/2026,10:10:11 AM,SPXW,ML/,77,85.4019,,CALL,7475,0,657595,7/13/2026,WHITE,0,3,F,INDEX,,F,T,0,0
7/10/2026,10:03:00 AM,SPXW,BLOCK,113,4.2858,,CALL,7575,0,48430,7/10/2026,WHITE,0,0,F,INDEX,,F,T,0,0
7/10/2026,10:04:06 AM,SPXW,ML/,54,3.8894,,CALL,7575,0,21003,7/10/2026,WHITE,0,0,F,INDEX,,F,T,0,0
7/10/2026,10:04:21 AM,SPXW,ML/,83,3.6861,,CALL,7575,0,30595,7/10/2026,WHITE,0,0,F,INDEX,,F,T,0,0
7/10/2026,10:04:24 AM,SPXW,ML/,79,3.5862,,CALL,7575,0,28331,7/10/2026,WHITE,0,0,F,INDEX,,F,T,0,0
7/10/2026,10:06:07 AM,SPXW,ML/,58,3.9872,,CALL,7575,0,23126,7/10/2026,WHITE,0,0,F,INDEX,,F,T,0,0
7/10/2026,10:06:30 AM,SPXW,BLOCK,62,3.8,,CALL,7575,0,23560,7/10/2026,WHITE,0,0,F,INDEX,,F,T,0,0
7/10/2026,10:06:57 AM,SPXW,ML/,64,3.4286,,CALL,7575,0,21943,7/10/2026,WHITE,0,0,F,INDEX,,F,T,0,0
7/10/2026,10:07:18 AM,SPXW,BLOCK,75,3.2,,CALL,7575,0,24000,7/10/2026,WHITE,0,0,F,INDEX,,F,T,0,0
7/10/2026,10:08:10 AM,SPXW,ML/,57,2.9549,,CALL,7575,0,16843,7/10/2026,WHITE,0,0,F,INDEX,,F,T,0,0
7/10/2026,10:12:10 AM,SPXW,BLOCK,205,3.1,,CALL,7575,0,63550,7/10/2026,WHITE,0,0,F,INDEX,,F,T,0,0
7/10/2026,10:12:19 AM,SPXW,ML/,103,3.2194,,CALL,7575,0,33160,7/10/2026,WHITE,0,0,F,INDEX,,F,T,0,0
7/10/2026,10:14:08 AM,SPXW,ML/,52,2.9729,,CALL,7575,0,15459,7/10/2026,WHITE,0,0,F,INDEX,,F,T,0,0
7/10/2026,10:14:40 AM,SPXW,ML/,207,2.8624,,CALL,7575,0,59251,7/10/2026,WHITE,0,0,F,INDEX,,F,T,0,0
7/10/2026,10:15:02 AM,SPXW,ML/,241,2.5309,,CALL,7575,0,60995,7/10/2026,WHITE,0,0,F,INDEX,,F,T,0,0
7/10/2026,10:15:11 AM,SPXW,ML/,83,2.4331,,CALL,7575,0,20195,7/10/2026,WHITE,0,0,F,INDEX,,F,T,0,0
7/10/2026,10:15:22 AM,SPXW,ML/,50,2.4722,,CALL,7575,0,12361,7/10/2026,WHITE,0,0,F,INDEX,,F,T,0,0
7/10/2026,10:17:34 AM,SPXW,ML/,55,2.8451,,CALL,7575,0,15647,7/10/2026,WHITE,0,0,F,INDEX,,F,T,0,0
7/10/2026,10:19:08 AM,SPXW,ML/,231,2.4219,,CALL,7575,0,55944,7/10/2026,WHITE,0,0,F,INDEX,,F,T,0,0
7/10/2026,10:19:16 AM,SPXW,BLOCK,61,2.4,,CALL,7575,0,14640,7/10/2026,WHITE,0,0,F,INDEX,,F,T,0,0
7/10/2026,10:21:46 AM,SPXW,ML/,76,2.1943,,CALL,7575,0,16677,7/10/2026,WHITE,0,0,F,INDEX,,F,T,0,0
7/10/2026,10:21:53 AM,SPXW,ML/,168,2.1004,,CALL,7575,0,35286,7/10/2026,WHITE,0,0,F,INDEX,,F,T,0,0
7/10/2026,10:21:59 AM,SPXW,ML/,133,2.1856,,CALL,7575,0,29069,7/10/2026,WHITE,0,0,F,INDEX,,F,T,0,0
7/10/2026,10:22:05 AM,SPXW,ML/,51,2.1806,,CALL,7575,0,11121,7/10/2026,WHITE,0,0,F,INDEX,,F,T,0,0
7/10/2026,10:07:20 AM,SPXW,ML/,401,20.0907,,CALL,7540,0,805638,7/10/2026,WHITE,0,0,F,INDEX,,F,T,0,0
7/10/2026,10:07:21 AM,SPXW,ML/,232,20.1366,,CALL,7540,0,467170,7/10/2026,WHITE,0,0,F,INDEX,,F,T,0,0
7/10/2026,10:14:54 AM,SPXW,ML/,164,19.4329,,CALL,7540,0,318699,7/10/2026,WHITE,0,0,F,INDEX,,F,T,0,0
7/10/2026,10:03:35 AM,SPXW,ML/,446,6.0014,,CALL,7570,0,267662,7/10/2026,WHITE,0,0,F,INDEX,,F,T,0,0
7/10/2026,10:04:22 AM,SPXW,ML/,69,5.0925,,CALL,7570,0,35138,7/10/2026,WHITE,0,0,F,INDEX,,F,T,0,0
7/10/2026,10:06:46 AM,SPXW,ML/,99,5.0995,,CALL,7570,0,50485,7/10/2026,WHITE,0,0,F,INDEX,,F,T,0,0
7/10/2026,10:06:50 AM,SPXW,ML/,57,5.0026,,CALL,7570,0,28514,7/10/2026,WHITE,0,0,F,INDEX,,F,T,0,0
7/10/2026,10:06:58 AM,SPXW,ML/,114,4.8057,,CALL,7570,0,54784,7/10/2026,WHITE,0,0,F,INDEX,,F,T,0,0
7/10/2026,10:07:39 AM,SPXW,ML/,81,4.4247,,CALL,7570,0,35840,7/10/2026,WHITE,0,0,F,INDEX,,F,T,0,0
7/10/2026,10:08:12 AM,SPXW,ML/,73,4.0114,,CALL,7570,0,29283,7/10/2026,WHITE,0,0,F,INDEX,,F,T,0,0
7/10/2026,10:15:01 AM,SPXW,ML/,260,3.7959,,CALL,7570,0,98693,7/10/2026,WHITE,0,0,F,INDEX,,F,T,0,0
7/10/2026,10:15:06 AM,SPXW,ML/,78,3.5818,,CALL,7570,0,27938,7/10/2026,WHITE,0,0,F,INDEX,,F,T,0,0
7/10/2026,10:15:11 AM,SPXW,ML/,178,3.6137,,CALL,7570,0,64324,7/10/2026,WHITE,0,0,F,INDEX,,F,T,0,0
7/10/2026,10:15:19 AM,SPXW,ML/,108,3.6229,,CALL,7570,0,39127,7/10/2026,WHITE,0,0,F,INDEX,,F,T,0,0
7/10/2026,10:15:39 AM,SPXW,ML/,74,3.9903,,CALL,7570,0,29527,7/10/2026,WHITE,0,0,F,INDEX,,F,T,0,0
7/10/2026,10:15:41 AM,SPXW,ML/,130,3.8557,,CALL,7570,0,50124,7/10/2026,WHITE,0,0,F,INDEX,,F,T,0,0
7/10/2026,10:17:25 AM,SPXW,ML/,69,4.397,,CALL,7570,0,30339,7/10/2026,WHITE,0,0,F,INDEX,,F,T,0,0
7/10/2026,10:17:41 AM,SPXW,ML/,132,4.3926,,CALL,7570,0,57982,7/10/2026,WHITE,0,0,F,INDEX,,F,T,0,0
7/10/2026,10:19:08 AM,SPXW,ML/,90,3.5433,,CALL,7570,0,31889,7/10/2026,WHITE,0,0,F,INDEX,,F,T,0,0
7/10/2026,10:19:10 AM,SPXW,ML/,57,3.4053,,CALL,7570,0,19410,7/10/2026,WHITE,0,0,F,INDEX,,F,T,0,0
7/10/2026,10:21:09 AM,SPXW,ML/,79,3.6784,,CALL,7570,0,29058,7/10/2026,WHITE,0,0,F,INDEX,,F,T,0,0
7/10/2026,10:21:39 AM,SPXW,ML/,53,3.6011,,CALL,7570,0,19086,7/10/2026,WHITE,0,0,F,INDEX,,F,T,0,0
7/10/2026,10:21:48 AM,SPXW,ML/,64,3.188,,CALL,7570,0,20403,7/10/2026,WHITE,0,0,F,INDEX,,F,T,0,0
7/10/2026,10:21:54 AM,SPXW,ML/,82,3.0644,,CALL,7570,0,25128,7/10/2026,WHITE,0,0,F,INDEX,,F,T,0,0
7/10/2026,10:21:56 AM,SPXW,ML/,103,3.2319,,CALL,7570,0,33289,7/10/2026,WHITE,0,0,F,INDEX,,F,T,0,0
7/10/2026,10:22:07 AM,SPXW,ML/,57,3.2004,,CALL,7570,0,18242,7/10/2026,WHITE,0,0,F,INDEX,,F,T,0,0
7/10/2026,10:22:20 AM,SPXW,ML/,123,3.3137,,CALL,7570,0,40758,7/10/2026,WHITE,0,0,F,INDEX,,F,T,0,0
7/10/2026,10:03:36 AM,SPXW,ML/,92,5.1308,,PUT,7540,0,47203,7/10/2026,WHITE,0,0,F,INDEX,,F,T,0,0
7/10/2026,10:04:33 AM,SPXW,SWEEP,79,6.019,A,PUT,7540,0,47550,7/10/2026,WHITE,0,0,F,INDEX,,F,T,0,0
7/10/2026,10:06:49 AM,SPXW,BLOCK,100,6.319,,PUT,7540,0,63190,7/10/2026,WHITE,0,0,F,INDEX,,F,T,0,0
7/10/2026,10:13:57 AM,SPXW,ML/,231,6.0625,,PUT,7540,0,140044,7/10/2026,WHITE,0,0,F,INDEX,,F,T,0,0
7/10/2026,10:14:42 AM,SPXW,ML/,78,6.6032,,PUT,7540,0,51504,7/10/2026,WHITE,0,0,F,INDEX,,F,T,0,0
7/10/2026,10:14:58 AM,SPXW,ML/,58,6.7167,,PUT,7540,0,38957,7/10/2026,WHITE,0,0,F,INDEX,,F,T,0,0
7/10/2026,10:15:07 AM,SPXW,ML/,52,7.5369,,PUT,7540,0,39192,7/10/2026,WHITE,0,0,F,INDEX,,F,T,0,0
7/10/2026,10:15:16 AM,SPXW,ML/,52,7.4462,,PUT,7540,0,38720,7/10/2026,WHITE,0,0,F,INDEX,,F,T,0,0
7/10/2026,10:16:49 AM,SPXW,ML/,98,6.999,,PUT,7540,0,68590,7/10/2026,WHITE,0,0,F,INDEX,,F,T,0,0
7/10/2026,10:19:21 AM,SPXW,ML/,116,7.6707,,PUT,7540,0,88980,7/10/2026,WHITE,0,0,F,INDEX,,F,T,0,0
7/10/2026,10:21:34 AM,SPXW,ML/,69,7.8543,,PUT,7540,0,54195,7/10/2026,WHITE,0,0,F,INDEX,,F,T,0,0
7/10/2026,10:21:55 AM,SPXW,ML/,119,8.5045,,PUT,7540,0,101204,7/10/2026,WHITE,0,0,F,INDEX,,F,T,0,0
7/10/2026,10:22:05 AM,SPXW,ML/,130,8.3611,,PUT,7540,0,108694,7/10/2026,WHITE,0,0,F,INDEX,,F,T,0,0
7/10/2026,10:22:11 AM,SPXW,ML/,126,8.302,,PUT,7540,0,104605,7/10/2026,WHITE,0,0,F,INDEX,,F,T,0,0
7/10/2026,10:22:22 AM,SPXW,ML/,60,7.76,,PUT,7540,0,46560,7/10/2026,WHITE,0,0,F,INDEX,,F,T,0,0
7/10/2026,10:03:09 AM,SPXW,BLOCK,50,16.1,,CALL,7550,0,80500,7/10/2026,WHITE,0,0,F,INDEX,,F,T,0,0
7/10/2026,10:03:10 AM,SPXW,BLOCK,101,15.7673,,CALL,7550,0,159250,7/10/2026,WHITE,0,0,F,INDEX,,F,T,0,0
7/10/2026,10:03:18 AM,SPXW,BLOCK,58,16.7,,CALL,7550,0,96860,7/10/2026,WHITE,0,0,F,INDEX,,F,T,0,0
7/10/2026,10:03:34 AM,SPXW,ML/,119,16.9764,,CALL,7550,0,202019,7/10/2026,WHITE,0,0,F,INDEX,,F,T,0,0
7/10/2026,10:04:21 AM,SPXW,ML/,120,15.2837,,CALL,7550,0,183405,7/10/2026,WHITE,0,0,F,INDEX,,F,T,0,0
7/10/2026,10:04:27 AM,SPXW,BLOCK,50,14.8,,CALL,7550,0,74000,7/10/2026,WHITE,0,0,F,INDEX,,F,T,0,0
7/10/2026,10:06:15 AM,SPXW,BLOCK,101,16.0317,,CALL,7550,0,161920,7/10/2026,WHITE,0,0,F,INDEX,,F,T,0,0
7/10/2026,10:06:57 AM,SPXW,BLOCK,101,14.4297,,CALL,7550,0,145740,7/10/2026,WHITE,0,0,F,INDEX,,F,T,0,0
7/10/2026,10:07:04 AM,SPXW,ML/,76,13.6882,,CALL,7550,0,104030,7/10/2026,WHITE,0,0,F,INDEX,,F,T,0,0
7/10/2026,10:09:44 AM,SPXW,BLOCK,50,15.502,,CALL,7550,0,77510,7/10/2026,WHITE,0,0,F,INDEX,,F,T,0,0
7/10/2026,10:12:41 AM,SPXW,ML/,50,14.3544,,CALL,7550,0,71772,7/10/2026,WHITE,0,0,F,INDEX,,F,T,0,0
7/10/2026,10:12:57 AM,SPXW,BLOCK,185,14.8627,,CALL,7550,0,274960,7/10/2026,WHITE,0,0,F,INDEX,,F,T,0,0
7/10/2026,10:14:18 AM,SPXW,SWEEP,170,13.2482,A,CALL,7550,0,225219,7/10/2026,WHITE,0,0,F,INDEX,,F,T,0,0
7/10/2026,10:15:46 AM,SPXW,ML/,102,12.4005,,CALL,7550,0,126484,7/10/2026,WHITE,0,0,F,INDEX,,F,T,0,0
7/10/2026,10:16:17 AM,SPXW,ML/,81,12.9436,,CALL,7550,0,104843,7/10/2026,WHITE,0,0,F,INDEX,,F,T,0,0
7/10/2026,10:16:23 AM,SPXW,ML/,73,12.4548,,CALL,7550,0,90920,7/10/2026,WHITE,0,0,F,INDEX,,F,T,0,0
7/10/2026,10:16:59 AM,SPXW,BLOCK,201,13.1522,,CALL,7550,0,264360,7/10/2026,WHITE,0,0,F,INDEX,,F,T,0,0
7/10/2026,10:17:34 AM,SPXW,BLOCK,50,13.546,,CALL,7550,0,67730,7/10/2026,WHITE,0,0,F,INDEX,,F,T,0,0
7/10/2026,10:21:17 AM,SPXW,ML/,71,12.0287,,CALL,7550,0,85404,7/10/2026,WHITE,0,0,F,INDEX,,F,T,0,0
7/10/2026,10:21:38 AM,SPXW,ML/,100,13.5,,CALL,7550,0,135000,7/10/2026,WHITE,0,0,F,INDEX,,F,T,0,0
7/10/2026,10:22:28 AM,SPXW,BLOCK,65,11.5508,,CALL,7550,0,75080,7/10/2026,WHITE,0,0,F,INDEX,,F,T,0,0
7/10/2026,10:04:23 AM,SPXW,ML/,57,2.8286,,PUT,7520,0,16122,7/10/2026,WHITE,0,0,F,INDEX,,F,T,0,0
7/10/2026,10:04:49 AM,SPXW,ML/,50,2.67,,PUT,7520,0,13350,7/10/2026,WHITE,0,0,F,INDEX,,F,T,0,0
7/10/2026,10:06:27 AM,SPXW,ML/,50,2.65,,PUT,7520,0,13250,7/10/2026,WHITE,0,0,F,INDEX,,F,T,0,0
7/10/2026,10:06:41 AM,SPXW,ML/,68,2.7707,,PUT,7520,0,18841,7/10/2026,WHITE,0,0,F,INDEX,,F,T,0,0
7/10/2026,10:07:20 AM,SPXW,ML/,633,3.3541,,PUT,7520,0,212316,7/10/2026,WHITE,0,0,F,INDEX,,F,T,0,0
7/10/2026,10:07:43 AM,SPXW,BLOCK,50,3.3,,PUT,7520,0,16500,7/10/2026,WHITE,0,0,F,INDEX,,F,T,0,0
7/10/2026,10:08:10 AM,SPXW,ML/,263,3.4995,,PUT,7520,0,92037,7/10/2026,WHITE,0,0,F,INDEX,,F,T,0,0
7/10/2026,10:14:13 AM,SPXW,ML/,55,2.96,,PUT,7520,0,16279,7/10/2026,WHITE,0,0,F,INDEX,,F,T,0,0
7/10/2026,10:14:54 AM,SPXW,ML/,164,3.1334,,PUT,7520,0,51387,7/10/2026,WHITE,0,0,F,INDEX,,F,T,0,0
7/10/2026,10:15:09 AM,SPXW,ML/,117,3.623,,PUT,7520,0,42389,7/10/2026,WHITE,0,0,F,INDEX,,F,T,0,0
7/10/2026,10:16:12 AM,SPXW,ML/,51,2.9373,,PUT,7520,0,14980,7/10/2026,WHITE,0,0,F,INDEX,,F,T,0,0
7/10/2026,10:18:50 AM,SPXW,ML/,50,2.99,,PUT,7520,0,14950,7/10/2026,WHITE,0,0,F,INDEX,,F,T,0,0
7/10/2026,10:21:49 AM,SPXW,ML/,66,3.9167,,PUT,7520,0,25850,7/10/2026,WHITE,0,0,F,INDEX,,F,T,0,0
7/10/2026,10:21:53 AM,SPXW,ML/,77,3.9934,,PUT,7520,0,30749,7/10/2026,WHITE,0,0,F,INDEX,,F,T,0,0
7/10/2026,10:14:08 AM,SPXW,ML/,240,0.8497,,CALL,7590,0,20392,7/10/2026,WHITE,0,0,F,INDEX,,F,T,0,0
7/10/2026,10:14:10 AM,SPXW,BLOCK,118,0.85,,CALL,7590,0,10030,7/10/2026,WHITE,0,0,F,INDEX,,F,T,0,0
7/10/2026,10:14:12 AM,SPXW,ML/,580,0.85,,CALL,7590,0,49300,7/10/2026,WHITE,0,0,F,INDEX,,F,T,0,0
7/10/2026,10:14:12 AM,SPXW,ML/,200,0.7447,,PUT,7475,0,14894,7/10/2026,WHITE,0,0,F,INDEX,,F,T,0,0
7/10/2026,10:07:03 AM,SPXW,ML/,180,2.1791,,CALL,7580,0,39223,7/10/2026,WHITE,0,0,F,INDEX,,F,T,0,0
7/10/2026,10:08:10 AM,SPXW,ML/,157,1.9718,,CALL,7580,0,30958,7/10/2026,WHITE,0,0,F,INDEX,,F,T,0,0
7/10/2026,10:08:22 AM,SPXW,ML/,104,1.85,,CALL,7580,0,19240,7/10/2026,WHITE,0,0,F,INDEX,,F,T,0,0
7/10/2026,10:08:31 AM,SPXW,ML/,57,1.9407,,CALL,7580,0,11062,7/10/2026,WHITE,0,0,F,INDEX,,F,T,0,0
7/10/2026,10:09:31 AM,SPXW,BLOCK,60,2.4,,CALL,7580,0,14400,7/10/2026,WHITE,0,0,F,INDEX,,F,T,0,0
7/10/2026,10:15:03 AM,SPXW,ML/,95,1.7923,,CALL,7580,0,17027,7/10/2026,WHITE,0,0,F,INDEX,,F,T,0,0
7/10/2026,10:15:10 AM,SPXW,ML/,77,1.5995,,CALL,7580,0,12316,7/10/2026,WHITE,0,0,F,INDEX,,F,T,0,0
7/10/2026,10:19:10 AM,SPXW,ML/,74,1.5226,,CALL,7580,0,11267,7/10/2026,WHITE,0,0,F,INDEX,,F,T,0,0
7/10/2026,10:21:09 AM,SPXW,ML/,63,1.6705,,CALL,7580,0,10524,7/10/2026,WHITE,0,0,F,INDEX,,F,T,0,0
7/10/2026,10:03:04 AM,SPXW,ML/,469,26.8797,,PUT,7000,0,1260658,8/21/2026,WHITE,0,42,F,INDEX,,F,F,0,0
7/10/2026,10:03:08 AM,SPXW,ML/,61,26.9338,,PUT,7000,0,164296,8/21/2026,WHITE,0,42,F,INDEX,,F,F,0,0
7/10/2026,10:03:04 AM,SPXW,ML/,469,35.7421,,PUT,7400,0,1676304,7/30/2026,WHITE,0,20,F,INDEX,,F,T,0,0
7/10/2026,10:03:08 AM,SPXW,ML/,61,35.731,,PUT,7400,0,217958,7/30/2026,WHITE,0,20,F,INDEX,,F,T,0,0
7/10/2026,10:03:04 AM,SPXW,ML/,469,6.9,,PUT,7000,0,323610,7/30/2026,WHITE,0,20,F,INDEX,,F,T,0,0
7/10/2026,10:03:08 AM,SPXW,ML/,61,6.9018,,PUT,7000,0,42101,7/30/2026,WHITE,0,20,F,INDEX,,F,T,0,0
7/10/2026,10:03:04 AM,SPXW,ML/,469,76.3166,,PUT,7400,0,3579247,8/21/2026,WHITE,0,42,F,INDEX,,F,F,0,0
7/10/2026,10:03:08 AM,SPXW,ML/,61,76.3236,,PUT,7400,0,465574,8/21/2026,WHITE,0,42,F,INDEX,,F,F,0,0
7/10/2026,10:17:57 AM,SPXW,BLOCK,100,4.1,,CALL,7600,0,40999,7/13/2026,WHITE,0,3,F,INDEX,,F,T,0,0
7/10/2026,10:21:29 AM,SPXW,BLOCK,101,3.5069,,CALL,7600,0,35420,7/13/2026,WHITE,0,3,F,INDEX,,F,T,0,0
7/10/2026,10:04:22 AM,SPXW,ML/,76,4.0325,,PUT,7530,0,30646,7/10/2026,WHITE,0,0,F,INDEX,,F,T,0,0
7/10/2026,10:06:50 AM,SPXW,ML/,66,4.2367,,PUT,7530,0,27962,7/10/2026,WHITE,0,0,F,INDEX,,F,T,0,0
7/10/2026,10:07:01 AM,SPXW,ML/,61,4.4998,,PUT,7530,0,27449,7/10/2026,WHITE,0,0,F,INDEX,,F,T,0,0
7/10/2026,10:07:03 AM,SPXW,ML/,57,4.6286,,PUT,7530,0,26383,7/10/2026,WHITE,0,0,F,INDEX,,F,T,0,0
7/10/2026,10:08:12 AM,SPXW,ML/,61,5.2269,,PUT,7530,0,31883,7/10/2026,WHITE,0,0,F,INDEX,,F,T,0,0
7/10/2026,10:14:13 AM,SPXW,ML/,82,4.3246,,PUT,7530,0,35462,7/10/2026,WHITE,0,0,F,INDEX,,F,T,0,0
7/10/2026,10:15:04 AM,SPXW,ML/,73,4.959,,PUT,7530,0,36201,7/10/2026,WHITE,0,0,F,INDEX,,F,T,0,0
7/10/2026,10:15:07 AM,SPXW,ML/,111,5.2563,,PUT,7530,0,58345,7/10/2026,WHITE,0,0,F,INDEX,,F,T,0,0
7/10/2026,10:19:10 AM,SPXW,ML/,52,5.0538,,PUT,7530,0,26280,7/10/2026,WHITE,0,0,F,INDEX,,F,T,0,0
7/10/2026,10:21:46 AM,SPXW,ML/,72,5.5119,,PUT,7530,0,39686,7/10/2026,WHITE,0,0,F,INDEX,,F,T,0,0
7/10/2026,10:21:52 AM,SPXW,ML/,122,5.9501,,PUT,7530,0,72591,7/10/2026,WHITE,0,0,F,INDEX,,F,T,0,0
7/10/2026,10:22:42 AM,SPXW,ML/,60,5.4833,,PUT,7530,0,32900,7/10/2026,WHITE,0,0,F,INDEX,,F,T,0,0
7/10/2026,10:04:23 AM,SPXW,ML/,125,1.4866,,PUT,7500,0,18583,7/10/2026,WHITE,0,0,F,INDEX,,F,T,0,0
7/10/2026,10:04:25 AM,SPXW,ML/,262,1.5366,,PUT,7500,0,40260,7/10/2026,WHITE,0,0,F,INDEX,,F,T,0,0
7/10/2026,10:06:58 AM,SPXW,ML/,225,1.5244,,PUT,7500,0,34298,7/10/2026,WHITE,0,0,F,INDEX,,F,T,0,0
7/10/2026,10:07:00 AM,SPXW,ML/,339,1.5493,,PUT,7500,0,52520,7/10/2026,WHITE,0,0,F,INDEX,,F,T,0,0
7/10/2026,10:07:54 AM,SPXW,ML/,200,1.57,,PUT,7500,0,31400,7/10/2026,WHITE,0,0,F,INDEX,,F,T,0,0
7/10/2026,10:08:13 AM,SPXW,ML/,251,1.8514,,PUT,7500,0,46469,7/10/2026,WHITE,0,0,F,INDEX,,F,T,0,0
7/10/2026,10:11:22 AM,SPXW,ML/,80,1.5185,,PUT,7500,0,12147,7/10/2026,WHITE,0,0,F,INDEX,,F,T,0,0
7/10/2026,10:11:23 AM,SPXW,ML/,110,1.52,,PUT,7500,0,16720,7/10/2026,WHITE,0,0,F,INDEX,,F,T,0,0
7/10/2026,10:11:30 AM,SPXW,ML/,404,1.5485,,PUT,7500,0,62560,7/10/2026,WHITE,0,0,F,INDEX,,F,T,0,0
7/10/2026,10:11:34 AM,SPXW,ML/,200,1.6,,PUT,7500,0,32000,7/10/2026,WHITE,0,0,F,INDEX,,F,T,0,0
7/10/2026,10:12:03 AM,SPXW,ML/,76,1.4,,PUT,7500,0,10640,7/10/2026,WHITE,0,0,F,INDEX,,F,T,0,0
7/10/2026,10:14:15 AM,SPXW,ML/,197,1.499,,PUT,7500,0,29531,7/10/2026,WHITE,0,0,F,INDEX,,F,T,0,0
7/10/2026,10:14:18 AM,SPXW,ML/,409,1.5,,PUT,7500,0,61352,7/10/2026,WHITE,0,0,F,INDEX,,F,T,0,0
7/10/2026,10:14:41 AM,SPXW,ML/,401,1.52,,PUT,7500,0,60950,7/10/2026,WHITE,0,0,F,INDEX,,F,T,0,0
7/10/2026,10:14:56 AM,SPXW,ML/,200,1.5,,PUT,7500,0,30000,7/10/2026,WHITE,0,0,F,INDEX,,F,T,0,0
7/10/2026,10:15:42 AM,SPXW,ML/,200,1.5194,,PUT,7500,0,30388,7/10/2026,WHITE,0,0,F,INDEX,,F,T,0,0
7/10/2026,10:15:45 AM,SPXW,ML/,195,1.6,,PUT,7500,0,31200,7/10/2026,WHITE,0,0,F,INDEX,,F,T,0,0
7/10/2026,10:16:51 AM,SPXW,ML/,204,1.4514,,PUT,7500,0,29608,7/10/2026,WHITE,0,0,F,INDEX,,F,T,0,0
7/10/2026,10:17:16 AM,SPXW,ML/,200,1.47,,PUT,7500,0,29400,7/10/2026,WHITE,0,0,F,INDEX,,F,T,0,0
7/10/2026,10:18:53 AM,SPXW,BLOCK,75,1.55,,PUT,7500,0,11625,7/10/2026,WHITE,0,0,F,INDEX,,F,T,0,0
7/10/2026,10:19:00 AM,SPXW,ML/,100,1.4788,,PUT,7500,0,14788,7/10/2026,WHITE,0,0,F,INDEX,,F,T,0,0
7/10/2026,10:19:25 AM,SPXW,ML/,202,1.601,,PUT,7500,0,32340,7/10/2026,WHITE,0,0,F,INDEX,,F,T,0,0
7/10/2026,10:19:56 AM,SPXW,ML/,203,1.499,,PUT,7500,0,30429,7/10/2026,WHITE,0,0,F,INDEX,,F,T,0,0
7/10/2026,10:20:43 AM,SPXW,ML/,200,1.46,,PUT,7500,0,29200,7/10/2026,WHITE,0,0,F,INDEX,,F,T,0,0
7/10/2026,10:20:51 AM,SPXW,ML/,182,1.5097,,PUT,7500,0,27476,7/10/2026,WHITE,0,0,F,INDEX,,F,T,0,0
7/10/2026,10:21:30 AM,SPXW,ML/,201,1.6007,,PUT,7500,0,32175,7/10/2026,WHITE,0,0,F,INDEX,,F,T,0,0
7/10/2026,10:21:37 AM,SPXW,ML/,217,1.6796,,PUT,7500,0,36448,7/10/2026,WHITE,0,0,F,INDEX,,F,T,0,0
7/10/2026,10:21:49 AM,SPXW,ML/,70,1.9299,,PUT,7500,0,13509,7/10/2026,WHITE,0,0,F,INDEX,,F,T,0,0
7/10/2026,10:21:58 AM,SPXW,ML/,208,1.9,,PUT,7500,0,39520,7/10/2026,WHITE,0,0,F,INDEX,,F,T,0,0
7/10/2026,10:22:26 AM,SPXW,ML/,201,1.6801,,PUT,7500,0,33770,7/10/2026,WHITE,0,0,F,INDEX,,F,T,0,0
7/10/2026,10:22:58 AM,SPXW,ML/,208,1.676,,PUT,7500,0,34860,7/10/2026,WHITE,0,0,F,INDEX,,F,T,0,0
7/10/2026,10:03:47 AM,SPXW,ML/,105,1.17,,PUT,7495,0,12285,7/10/2026,WHITE,0,0,F,INDEX,,F,T,0,0
7/10/2026,10:04:25 AM,SPXW,ML/,262,1.3366,,PUT,7495,0,35020,7/10/2026,WHITE,0,0,F,INDEX,,F,T,0,0
7/10/2026,10:06:58 AM,SPXW,ML/,225,1.3241,,PUT,7495,0,29793,7/10/2026,WHITE,0,0,F,INDEX,,F,T,0,0
7/10/2026,10:07:00 AM,SPXW,ML/,339,1.3492,,PUT,7495,0,45737,7/10/2026,WHITE,0,0,F,INDEX,,F,T,0,0
7/10/2026,10:07:54 AM,SPXW,ML/,200,1.37,,PUT,7495,0,27400,7/10/2026,WHITE,0,0,F,INDEX,,F,T,0,0
7/10/2026,10:08:13 AM,SPXW,ML/,232,1.6001,,PUT,7495,0,37123,7/10/2026,WHITE,0,0,F,INDEX,,F,T,0,0
7/10/2026,10:11:23 AM,SPXW,ML/,110,1.32,,PUT,7495,0,14520,7/10/2026,WHITE,0,0,F,INDEX,,F,T,0,0
7/10/2026,10:11:30 AM,SPXW,ML/,405,1.3486,,PUT,7495,0,54617,7/10/2026,WHITE,0,0,F,INDEX,,F,T,0,0
7/10/2026,10:11:34 AM,SPXW,ML/,200,1.4,,PUT,7495,0,28000,7/10/2026,WHITE,0,0,F,INDEX,,F,T,0,0
7/10/2026,10:14:12 AM,SPXW,ML/,200,1.2,,PUT,7495,0,24000,7/10/2026,WHITE,0,0,F,INDEX,,F,T,0,0
7/10/2026,10:14:17 AM,SPXW,ML/,187,1.3001,,PUT,7495,0,24312,7/10/2026,WHITE,0,0,F,INDEX,,F,T,0,0
7/10/2026,10:14:18 AM,SPXW,ML/,406,1.3,,PUT,7495,0,52779,7/10/2026,WHITE,0,0,F,INDEX,,F,T,0,0
7/10/2026,10:14:41 AM,SPXW,ML/,402,1.3198,,PUT,7495,0,53054,7/10/2026,WHITE,0,0,F,INDEX,,F,T,0,0
7/10/2026,10:14:56 AM,SPXW,ML/,200,1.3,,PUT,7495,0,26000,7/10/2026,WHITE,0,0,F,INDEX,,F,T,0,0
7/10/2026,10:15:42 AM,SPXW,ML/,200,1.3194,,PUT,7495,0,26388,7/10/2026,WHITE,0,0,F,INDEX,,F,T,0,0
7/10/2026,10:15:45 AM,SPXW,ML/,195,1.4,,PUT,7495,0,27300,7/10/2026,WHITE,0,0,F,INDEX,,F,T,0,0
7/10/2026,10:16:51 AM,SPXW,ML/,199,1.2999,,PUT,7495,0,25868,7/10/2026,WHITE,0,0,F,INDEX,,F,T,0,0
7/10/2026,10:17:16 AM,SPXW,ML/,200,1.27,,PUT,7495,0,25400,7/10/2026,WHITE,0,0,F,INDEX,,F,T,0,0
7/10/2026,10:19:00 AM,SPXW,ML/,100,1.2788,,PUT,7495,0,12788,7/10/2026,WHITE,0,0,F,INDEX,,F,T,0,0
7/10/2026,10:19:25 AM,SPXW,ML/,215,1.3991,,PUT,7495,0,30079,7/10/2026,WHITE,0,0,F,INDEX,,F,T,0,0
7/10/2026,10:19:56 AM,SPXW,ML/,200,1.2994,,PUT,7495,0,25988,7/10/2026,WHITE,0,0,F,INDEX,,F,T,0,0
7/10/2026,10:20:43 AM,SPXW,ML/,200,1.26,,PUT,7495,0,25200,7/10/2026,WHITE,0,0,F,INDEX,,F,T,0,0
7/10/2026,10:20:51 AM,SPXW,ML/,182,1.3097,,PUT,7495,0,23836,7/10/2026,WHITE,0,0,F,INDEX,,F,T,0,0
7/10/2026,10:21:30 AM,SPXW,ML/,200,1.4,,PUT,7495,0,28000,7/10/2026,WHITE,0,0,F,INDEX,,F,T,0,0
7/10/2026,10:21:37 AM,SPXW,ML/,201,1.48,,PUT,7495,0,29747,7/10/2026,WHITE,0,0,F,INDEX,,F,T,0,0
7/10/2026,10:21:59 AM,SPXW,ML/,200,1.65,,PUT,7495,0,33000,7/10/2026,WHITE,0,0,F,INDEX,,F,T,0,0
7/10/2026,10:22:26 AM,SPXW,ML/,200,1.48,,PUT,7495,0,29600,7/10/2026,WHITE,0,0,F,INDEX,,F,T,0,0
7/10/2026,10:22:58 AM,SPXW,ML/,204,1.4749,,PUT,7495,0,30088,7/10/2026,WHITE,0,0,F,INDEX,,F,T,0,0
7/10/2026,10:03:35 AM,SPXW,ML/,108,6.2817,,PUT,7545,0,67842,7/10/2026,WHITE,0,0,F,INDEX,,F,T,0,0
7/10/2026,10:08:11 AM,SPXW,ML/,100,9.1769,,PUT,7545,0,91769,7/10/2026,WHITE,0,0,F,INDEX,,F,T,0,0
7/10/2026,10:13:57 AM,SPXW,ML/,222,7.37,,PUT,7545,0,163614,7/10/2026,WHITE,0,0,F,INDEX,,F,T,0,0
7/10/2026,10:17:39 AM,SPXW,BLOCK,100,8.4,,PUT,7545,0,84000,7/10/2026,WHITE,0,0,F,INDEX,,F,T,0,0
7/10/2026,10:19:07 AM,SPXW,ML/,55,8.9184,,PUT,7545,0,49051,7/10/2026,WHITE,0,0,F,INDEX,,F,T,0,0
7/10/2026,10:19:11 AM,SPXW,ML/,60,9.495,,PUT,7545,0,56970,7/10/2026,WHITE,0,0,F,INDEX,,F,T,0,0
7/10/2026,10:19:45 AM,SPXW,ML/,70,7.534,,PUT,7545,0,52738,7/10/2026,WHITE,0,0,F,INDEX,,F,T,0,0
7/10/2026,10:21:09 AM,SPXW,BLOCK,107,8.6991,,PUT,7545,0,93080,7/10/2026,WHITE,0,0,F,INDEX,,F,T,0,0
7/10/2026,10:22:02 AM,SPXW,ML/,257,10.1714,,PUT,7545,0,261404,7/10/2026,WHITE,0,0,F,INDEX,,F,T,0,0
7/10/2026,10:22:10 AM,SPXW,ML/,54,10.103,,PUT,7545,0,54555,7/10/2026,WHITE,0,0,F,INDEX,,F,T,0,0
7/10/2026,10:22:17 AM,SPXW,BLOCK,55,9.64,,PUT,7545,0,53019,7/10/2026,WHITE,0,0,F,INDEX,,F,T,0,0
7/10/2026,10:22:22 AM,SPXW,ML/,62,9.4548,,PUT,7545,0,58619,7/10/2026,WHITE,0,0,F,INDEX,,F,T,0,0
7/10/2026,10:03:13 AM,SPXW,ML/,56,2.1675,,PUT,7515,0,12138,7/10/2026,WHITE,0,0,F,INDEX,,F,T,0,0
7/10/2026,10:15:03 AM,SPXW,ML/,63,2.8363,,PUT,7515,0,17869,7/10/2026,WHITE,0,0,F,INDEX,,F,T,0,0
7/10/2026,10:15:16 AM,SPXW,ML/,53,2.8,,PUT,7515,0,14840,7/10/2026,WHITE,0,0,F,INDEX,,F,T,0,0
7/10/2026,10:18:50 AM,SPXW,ML/,50,2.49,,PUT,7515,0,12450,7/10/2026,WHITE,0,0,F,INDEX,,F,T,0,0
7/10/2026,10:19:10 AM,SPXW,ML/,63,2.8481,,PUT,7515,0,17943,7/10/2026,WHITE,0,0,F,INDEX,,F,T,0,0
7/10/2026,10:10:11 AM,SPXW,BLOCK,79,8.3,,CALL,7585,0,65570,7/13/2026,WHITE,0,3,F,INDEX,,F,T,0,0
7/10/2026,10:14:03 AM,SPXW,BLOCK,74,8.1635,,CALL,7585,0,60409,7/13/2026,WHITE,0,3,F,INDEX,,F,T,0,0
7/10/2026,10:07:02 AM,SPXW,ML/,68,3.7132,,PUT,7525,0,25250,7/10/2026,WHITE,0,0,F,INDEX,,F,T,0,0
7/10/2026,10:09:05 AM,SPXW,BLOCK,86,3.5,,PUT,7525,0,30100,7/10/2026,WHITE,0,0,F,INDEX,,F,T,0,0
7/10/2026,10:15:02 AM,SPXW,ML/,84,3.9693,,PUT,7525,0,33342,7/10/2026,WHITE,0,0,F,INDEX,,F,T,0,0
7/10/2026,10:15:09 AM,SPXW,ML/,88,4.4786,,PUT,7525,0,39412,7/10/2026,WHITE,0,0,F,INDEX,,F,T,0,0
7/10/2026,10:21:53 AM,SPXW,ML/,84,4.9326,,PUT,7525,0,41434,7/10/2026,WHITE,0,0,F,INDEX,,F,T,0,0
7/10/2026,10:21:58 AM,SPXW,ML/,50,2.6,,CALL,7605,0,13000,7/13/2026,WHITE,0,3,F,INDEX,,F,T,0,0
7/10/2026,10:06:46 AM,XSP,BLOCK,100,1.5,,CALL,755,0,15000,7/10/2026,WHITE,0,0,F,INDEX,,F,T,0,0
7/10/2026,10:04:23 AM,SPXW,ML/,59,1.9836,,PUT,7510,0,11703,7/10/2026,WHITE,0,0,F,INDEX,,F,T,0,0
7/10/2026,10:06:50 AM,SPXW,ML/,133,2.0738,,PUT,7510,0,27581,7/10/2026,WHITE,0,0,F,INDEX,,F,T,0,0
7/10/2026,10:07:50 AM,SPXW,BLOCK,50,2.15,,PUT,7510,0,10750,7/10/2026,WHITE,0,0,F,INDEX,,F,T,0,0
7/10/2026,10:14:29 AM,SPXW,BLOCK,70,2.2,,PUT,7510,0,15400,7/10/2026,WHITE,0,0,F,INDEX,,F,T,0,0
7/10/2026,10:21:20 AM,SPXW,BLOCK,54,2.3991,,PUT,7510,0,12955,7/10/2026,WHITE,0,0,F,INDEX,,F,T,0,0
7/10/2026,10:21:46 AM,SPXW,ML/,56,2.618,,PUT,7510,0,14661,7/10/2026,WHITE,0,0,F,INDEX,,F,T,0,0
7/10/2026,10:03:02 AM,SPX,BLOCK,53,27,,CALL,9600,0,143100,6/17/2027,WHITE,0,342,F,INDEX,,F,T,0,0
7/10/2026,10:03:27 AM,SPX,ML/,100,449.84,,CALL,7900,0,4498400,6/17/2027,WHITE,0,342,F,INDEX,,F,T,0,0
7/10/2026,10:17:23 AM,SPXW,ML/,122,47.34,,PUT,7600,0,577548,7/10/2026,WHITE,0,0,F,INDEX,,F,T,0,0
7/10/2026,10:03:47 AM,SPXW,ML/,71,59.1894,,CALL,7500,0,420245,7/10/2026,WHITE,0,0,F,INDEX,,F,T,0,0
7/10/2026,10:05:09 AM,XSP,ML/,100,2.26,,CALL,754,0,22599,7/10/2026,WHITE,0,0,F,INDEX,,F,T,0,0
7/10/2026,10:03:06 AM,VIX,BLOCK,380,0.28,,CALL,22,0,10640,7/22/2026,WHITE,0,12,F,INDEX,,F,T,0,0
7/10/2026,10:16:29 AM,VIX,BLOCK,2000,0.28,,CALL,22,0,56000,7/22/2026,WHITE,0,12,F,INDEX,,F,T,0,0
7/10/2026,10:08:11 AM,SPXW,ML/,75,3.3633,,CALL,7650,0,25225,7/15/2026,WHITE,0,5,F,INDEX,,F,T,0,0
7/10/2026,10:08:12 AM,SPXW,ML/,175,3.3757,,CALL,7650,0,59075,7/15/2026,WHITE,0,5,F,INDEX,,F,T,0,0
7/10/2026,10:04:38 AM,SPXW,ML/,998,0.2,,CALL,7660,0,19960,7/13/2026,WHITE,0,3,F,INDEX,,F,T,0,0
7/10/2026,10:05:18 AM,SPXW,ML/,1310,0.11,,CALL,7750,0,14410,7/13/2026,WHITE,0,3,F,INDEX,,F,T,0,0
7/10/2026,10:09:52 AM,SPXW,ML/,1485,0.11,,CALL,7750,0,16335,7/13/2026,WHITE,0,3,F,INDEX,,F,T,0,0
7/10/2026,10:10:01 AM,SPXW,ML/,1500,0.12,,CALL,7750,0,18000,7/13/2026,WHITE,0,3,F,INDEX,,F,T,0,0
7/10/2026,10:21:53 AM,XSP,ML/,106,1.318,,PUT,755,0,13971,7/10/2026,WHITE,0,0,F,INDEX,,F,T,0,0
7/10/2026,10:07:04 AM,SPXW,ML/,67,24.2388,,CALL,7535,0,162400,7/10/2026,WHITE,0,0,F,INDEX,,F,T,0,0
7/10/2026,10:21:19 AM,SPXW,ML/,80,46.81,,PUT,7510,0,374480,7/24/2026,WHITE,0,14,F,INDEX,,F,T,0,0
7/10/2026,10:03:10 AM,SPXW,ML/,150,3.91,,PUT,7300,0,58650,7/17/2026,WHITE,0,7,F,INDEX,,F,F,0,0
7/10/2026,10:03:59 AM,SPXW,ML/,56,3.9,,PUT,7300,0,21839,7/17/2026,WHITE,0,7,F,INDEX,,F,F,0,0
7/10/2026,10:04:07 AM,SPXW,ML/,70,3.92,,PUT,7300,0,27439,7/17/2026,WHITE,0,7,F,INDEX,,F,F,0,0
7/10/2026,10:04:21 AM,SPXW,ML/,75,4,,PUT,7300,0,30000,7/17/2026,WHITE,0,7,F,INDEX,,F,F,0,0
7/10/2026,10:04:58 AM,SPXW,ML/,67,4.01,,PUT,7300,0,26866,7/17/2026,WHITE,0,7,F,INDEX,,F,F,0,0
7/10/2026,10:05:08 AM,SPXW,ML/,60,4.01,,PUT,7300,0,24060,7/17/2026,WHITE,0,7,F,INDEX,,F,F,0,0
7/10/2026,10:03:10 AM,SPXW,ML/,150,2.79,,PUT,7250,0,41850,7/17/2026,WHITE,0,7,F,INDEX,,F,F,0,0
7/10/2026,10:03:10 AM,SPXW,ML/,150,1.3,,CALL,7725,0,19500,7/17/2026,WHITE,0,7,F,INDEX,,F,F,0,0
7/10/2026,10:12:56 AM,SPXW,BLOCK,600,0.3,,PUT,7200,0,18000,7/13/2026,WHITE,0,3,F,INDEX,,F,T,0,0
7/10/2026,10:06:05 AM,SPX,ML/,462,124.79,,CALL,7450,0,5765298,7/17/2026,WHITE,0,7,F,INDEX,,F,F,0,0
7/10/2026,10:06:33 AM,SPX,ML/,500,124.83,,CALL,7450,0,6241500,7/17/2026,WHITE,0,7,F,INDEX,,F,F,0,0
7/10/2026,10:17:25 AM,SPX,ML/,500,121.9,,CALL,7450,0,6095000,7/17/2026,WHITE,0,7,F,INDEX,,F,F,0,0
7/10/2026,10:04:08 AM,SPXW,BLOCK,97,22.7,,CALL,7555,0,220190,7/13/2026,WHITE,0,3,F,INDEX,,F,T,0,0
7/10/2026,10:08:11 AM,SPXW,BLOCK,103,20,,CALL,7555,0,206000,7/13/2026,WHITE,0,3,F,INDEX,,F,T,0,0
7/10/2026,10:06:12 AM,SPX,ML/,82,22.25,,CALL,7600,0,182450,7/17/2026,WHITE,0,7,F,INDEX,,F,F,0,0
7/10/2026,10:03:30 AM,XSP,BLOCK,50,9.812,,CALL,790,0,49060,10/16/2026,WHITE,0,98,F,INDEX,,F,F,0,0
7/10/2026,10:22:53 AM,SPXW,ML/,50,2.1,,PUT,7430,0,10500,7/13/2026,WHITE,0,3,F,INDEX,,F,T,0,0
7/10/2026,10:03:27 AM,SPX,ML/,100,523.4,,PUT,7900,0,5234000,6/17/2027,WHITE,0,342,F,INDEX,,F,T,0,0
7/10/2026,10:08:11 AM,SPX,ML/,50,182.6,,PUT,7600,0,913000,9/18/2026,WHITE,0,70,F,INDEX,,F,F,0,0
7/10/2026,10:16:26 AM,SPX,ML/,78,182.6,,PUT,7600,0,1424280,9/18/2026,WHITE,0,70,F,INDEX,,F,F,0,0
7/10/2026,10:20:52 AM,SPX,ML/,100,183,,PUT,7600,0,1830000,9/18/2026,WHITE,0,70,F,INDEX,,F,F,0,0
7/10/2026,10:21:38 AM,SPX,ML/,160,183,,PUT,7600,0,2928000,9/18/2026,WHITE,0,70,F,INDEX,,F,F,0,0
7/10/2026,10:03:27 AM,SPX,ML/,200,96.37,,PUT,5700,0,1927400,6/17/2027,WHITE,0,342,F,INDEX,,F,T,0,0
7/10/2026,10:08:11 AM,SPX,ML/,50,182.6,,CALL,7600,0,913000,9/18/2026,WHITE,0,70,F,INDEX,,F,F,0,0
7/10/2026,10:16:26 AM,SPX,ML/,78,182.6,,CALL,7600,0,1424280,9/18/2026,WHITE,0,70,F,INDEX,,F,F,0,0
7/10/2026,10:20:52 AM,SPX,ML/,100,183,,CALL,7600,0,1830000,9/18/2026,WHITE,0,70,F,INDEX,,F,F,0,0
7/10/2026,10:21:38 AM,SPX,ML/,160,183,,CALL,7600,0,2928000,9/18/2026,WHITE,0,70,F,INDEX,,F,F,0,0
7/10/2026,10:03:28 AM,XSP,BLOCK,84,12.7682,,CALL,745,0,107253,7/17/2026,WHITE,0,7,F,INDEX,,F,F,0,0
7/10/2026,10:21:54 AM,XSP,ML/,100,1.82,,PUT,754,0,18200,7/13/2026,WHITE,0,3,F,INDEX,,F,T,0,0
7/10/2026,10:03:38 AM,SPX,ML/,80,86.465,,PUT,7450,0,691720,8/21/2026,WHITE,0,42,F,INDEX,,F,F,0,0
7/10/2026,10:03:38 AM,SPX,ML/,120,123.01,,PUT,7425,0,1476120,9/18/2026,WHITE,0,70,F,INDEX,,F,F,0,0
7/10/2026,10:06:01 AM,SPX,ML/,50,21.4404,,PUT,7500,0,107202,7/17/2026,WHITE,0,7,F,INDEX,,F,F,0,0
7/10/2026,10:05:09 AM,XSP,ML/,100,3.08,,CALL,753,0,30800,7/10/2026,WHITE,0,0,F,INDEX,,F,T,0,0
7/10/2026,10:03:59 AM,SPXW,ML/,55,5.75,,PUT,7350,0,31625,7/17/2026,WHITE,0,7,F,INDEX,,F,F,0,0
7/10/2026,10:04:07 AM,SPXW,ML/,70,5.77,,PUT,7350,0,40390,7/17/2026,WHITE,0,7,F,INDEX,,F,F,0,0
7/10/2026,10:04:21 AM,SPXW,ML/,75,5.9,,PUT,7350,0,44250,7/17/2026,WHITE,0,7,F,INDEX,,F,F,0,0
7/10/2026,10:04:58 AM,SPXW,ML/,127,5.86,,PUT,7350,0,74422,7/17/2026,WHITE,0,7,F,INDEX,,F,F,0,0
7/10/2026,10:03:47 AM,SPXW,ML/,70,92.4086,,CALL,7600,0,646860,8/7/2026,WHITE,0,28,F,INDEX,,F,T,0,0
7/10/2026,10:17:23 AM,SPX,ML/,122,139.78,,PUT,7600,0,1705316,8/21/2026,WHITE,0,42,F,INDEX,,F,F,0,0
7/10/2026,10:19:09 AM,SPXW,ML/,50,14.1,,CALL,7565,0,70500,7/13/2026,WHITE,0,3,F,INDEX,,F,T,0,0
7/10/2026,10:07:40 AM,SPXW,ML/,101,2.6,,CALL,7610,0,26260,7/13/2026,WHITE,0,3,F,INDEX,,F,T,0,0
7/10/2026,10:21:58 AM,SPXW,ML/,50,2,,CALL,7610,0,10000,7/13/2026,WHITE,0,3,F,INDEX,,F,T,0,0
7/10/2026,10:05:14 AM,SPX,BLOCK,55,115.1,,PUT,5300,0,633050,12/17/2027,WHITE,0,525,F,INDEX,,F,F,0,0
7/10/2026,10:19:47 AM,SPX,ML/,300,115.36,,PUT,5300,0,3460800,12/17/2027,WHITE,0,525,F,INDEX,,F,F,0,0
7/10/2026,10:07:19 AM,SPXW,BLOCK,60,37.3,,CALL,7550,0,223800,7/15/2026,WHITE,0,5,F,INDEX,,F,T,0,0
7/10/2026,10:09:44 AM,SPXW,BLOCK,52,39,,CALL,7550,0,202800,7/15/2026,WHITE,0,5,F,INDEX,,F,T,0,0
7/10/2026,10:14:30 AM,SPXW,BLOCK,60,37,,CALL,7550,0,222000,7/15/2026,WHITE,0,5,F,INDEX,,F,T,0,0
7/10/2026,10:17:42 AM,SPXW,BLOCK,60,38,,CALL,7550,0,228000,7/15/2026,WHITE,0,5,F,INDEX,,F,T,0,0
7/10/2026,10:15:31 AM,SPXW,ML/,200,1.59,,PUT,6750,0,31800,7/24/2026,WHITE,0,14,F,INDEX,,F,T,0,0
7/10/2026,10:18:52 AM,SPXW,ML/,86,1.6,,PUT,6750,0,13760,7/24/2026,WHITE,0,14,F,INDEX,,F,T,0,0
7/10/2026,10:08:11 AM,SPXW,BLOCK,89,1.15,,CALL,7625,0,10235,7/13/2026,WHITE,0,3,F,INDEX,,F,T,0,0
7/10/2026,10:07:01 AM,RUTW,ML/,52,20.65,,PUT,2880,0,107380,7/31/2026,WHITE,0,21,F,INDEX,,F,T,0,0
7/10/2026,10:07:40 AM,RUTW,ML/,193,20.7493,,PUT,2880,0,400461,7/31/2026,WHITE,0,21,F,INDEX,,F,T,0,0
7/10/2026,10:07:56 AM,RUTW,ML/,61,20.83,,PUT,2880,0,127062,7/31/2026,WHITE,0,21,F,INDEX,,F,T,0,0
7/10/2026,10:08:10 AM,RUTW,ML/,132,21.1084,,PUT,2880,0,278631,7/31/2026,WHITE,0,21,F,INDEX,,F,T,0,0
7/10/2026,10:08:29 AM,RUTW,ML/,100,21.17,,PUT,2880,0,211700,7/31/2026,WHITE,0,21,F,INDEX,,F,T,0,0
7/10/2026,10:10:08 AM,RUTW,ML/,149,20.9187,,PUT,2880,0,311688,7/31/2026,WHITE,0,21,F,INDEX,,F,T,0,0
7/10/2026,10:10:11 AM,RUTW,ML/,529,21.0323,,PUT,2880,0,1112611,7/31/2026,WHITE,0,21,F,INDEX,,F,T,0,0
7/10/2026,10:11:26 AM,RUTW,ML/,1157,21.5997,,PUT,2880,0,2499082,7/31/2026,WHITE,0,21,F,INDEX,,F,T,0,0
7/10/2026,10:12:36 AM,RUTW,ML/,51,21.6,,PUT,2880,0,110159,7/31/2026,WHITE,0,21,F,INDEX,,F,T,0,0
7/10/2026,10:13:16 AM,RUTW,ML/,64,21.6094,,PUT,2880,0,138300,7/31/2026,WHITE,0,21,F,INDEX,,F,T,0,0
7/10/2026,10:14:13 AM,RUTW,ML/,50,21.85,,PUT,2880,0,109250,7/31/2026,WHITE,0,21,F,INDEX,,F,T,0,0
7/10/2026,10:15:04 AM,RUTW,ML/,60,22.2,,PUT,2880,0,133200,7/31/2026,WHITE,0,21,F,INDEX,,F,T,0,0
7/10/2026,10:15:09 AM,RUTW,ML/,229,22.2204,,PUT,2880,0,508847,7/31/2026,WHITE,0,21,F,INDEX,,F,T,0,0
7/10/2026,10:15:36 AM,RUTW,ML/,490,22.16,,PUT,2880,0,1085840,7/31/2026,WHITE,0,21,F,INDEX,,F,T,0,0
7/10/2026,10:20:30 AM,RUTW,ML/,98,22.1586,,PUT,2880,0,217154,7/31/2026,WHITE,0,21,F,INDEX,,F,T,0,0
7/10/2026,10:07:01 AM,RUTW,ML/,52,22.6,,PUT,2890,0,117520,7/31/2026,WHITE,0,21,F,INDEX,,F,T,0,0
7/10/2026,10:07:40 AM,RUTW,ML/,193,22.6985,,PUT,2890,0,438080,7/31/2026,WHITE,0,21,F,INDEX,,F,T,0,0
7/10/2026,10:07:56 AM,RUTW,ML/,61,22.78,,PUT,2890,0,138958,7/31/2026,WHITE,0,21,F,INDEX,,F,T,0,0
7/10/2026,10:08:10 AM,RUTW,ML/,114,23.0985,,PUT,2890,0,263323,7/31/2026,WHITE,0,21,F,INDEX,,F,T,0,0
7/10/2026,10:08:29 AM,RUTW,ML/,100,23.12,,PUT,2890,0,231200,7/31/2026,WHITE,0,21,F,INDEX,,F,T,0,0
7/10/2026,10:10:08 AM,RUTW,ML/,134,22.8685,,PUT,2890,0,306438,7/31/2026,WHITE,0,21,F,INDEX,,F,T,0,0
7/10/2026,10:10:11 AM,RUTW,ML/,529,22.9823,,PUT,2890,0,1215766,7/31/2026,WHITE,0,21,F,INDEX,,F,T,0,0
7/10/2026,10:11:26 AM,RUTW,ML/,1147,23.5997,,PUT,2890,0,2706890,7/31/2026,WHITE,0,21,F,INDEX,,F,T,0,0
7/10/2026,10:12:36 AM,RUTW,ML/,51,23.5804,,PUT,2890,0,120259,7/31/2026,WHITE,0,21,F,INDEX,,F,T,0,0
7/10/2026,10:13:16 AM,RUTW,ML/,64,23.6094,,PUT,2890,0,151100,7/31/2026,WHITE,0,21,F,INDEX,,F,T,0,0
7/10/2026,10:15:04 AM,RUTW,ML/,60,24.23,,PUT,2890,0,145380,7/31/2026,WHITE,0,21,F,INDEX,,F,T,0,0
7/10/2026,10:15:09 AM,RUTW,ML/,229,24.2702,,PUT,2890,0,555788,7/31/2026,WHITE,0,21,F,INDEX,,F,T,0,0
7/10/2026,10:15:36 AM,RUTW,ML/,490,24.1733,,PUT,2890,0,1184490,7/31/2026,WHITE,0,21,F,INDEX,,F,T,0,0
7/10/2026,10:20:30 AM,RUTW,ML/,98,24.2086,,PUT,2890,0,237244,7/31/2026,WHITE,0,21,F,INDEX,,F,T,0,0
7/10/2026,10:04:08 AM,SPXW,ML/,75,5.3,,PUT,7375,0,39749,7/16/2026,WHITE,0,6,F,INDEX,,F,T,0,0
7/10/2026,10:04:08 AM,SPXW,ML/,75,7.1,,PUT,7405,0,53250,7/16/2026,WHITE,0,6,F,INDEX,,F,T,0,0
7/10/2026,10:15:31 AM,SPXW,ML/,200,1.83,,PUT,6800,0,36600,7/24/2026,WHITE,0,14,F,INDEX,,F,T,0,0
7/10/2026,10:18:52 AM,SPXW,ML/,86,1.8,,PUT,6800,0,15479,7/24/2026,WHITE,0,14,F,INDEX,,F,T,0,0
7/10/2026,10:09:10 AM,SPXW,ML/,54,3.1,,PUT,7460,0,16740,7/13/2026,WHITE,0,3,F,INDEX,,F,T,0,0
7/10/2026,10:15:03 AM,SPXW,ML/,76,3.2461,,PUT,7460,0,24670,7/13/2026,WHITE,0,3,F,INDEX,,F,T,0,0
7/10/2026,10:19:33 AM,SPXW,ML/,200,13.24,,CALL,7775,0,264800,7/31/2026,WHITE,0,21,F,INDEX,,F,T,0,0
7/10/2026,10:19:43 AM,SPXW,ML/,200,13.24,,CALL,7775,0,264800,7/31/2026,WHITE,0,21,F,INDEX,,F,T,0,0
7/10/2026,10:21:38 AM,SPXW,ML/,100,77.3,,PUT,7625,0,773000,7/15/2026,WHITE,0,5,F,INDEX,,F,T,0,0
7/10/2026,10:21:47 AM,SPXW,ML/,50,10.2,,PUT,7430,0,50999,7/16/2026,WHITE,0,6,F,INDEX,,F,T,0,0
7/10/2026,10:06:01 AM,SPX,ML/,50,7.7596,,CALL,7650,0,38798,7/17/2026,WHITE,0,7,F,INDEX,,F,F,0,0
7/10/2026,10:05:18 AM,SPXW,ML/,1310,0.31,,CALL,7650,0,40610,7/13/2026,WHITE,0,3,F,INDEX,,F,T,0,0
7/10/2026,10:09:46 AM,SPXW,ML/,1500,0.32,,CALL,7650,0,48000,7/13/2026,WHITE,0,3,F,INDEX,,F,T,0,0
7/10/2026,10:09:52 AM,SPXW,ML/,1485,0.31,,CALL,7650,0,46035,7/13/2026,WHITE,0,3,F,INDEX,,F,T,0,0
7/10/2026,10:07:03 AM,RUTW,ML/,59,23.75,,PUT,2895,0,140125,7/31/2026,WHITE,0,21,F,INDEX,,F,T,0,0
7/10/2026,10:08:05 AM,RUTW,ML/,50,23.92,,PUT,2895,0,119600,7/31/2026,WHITE,0,21,F,INDEX,,F,T,0,0
7/10/2026,10:07:03 AM,RUTW,ML/,59,21.7,,PUT,2885,0,128030,7/31/2026,WHITE,0,21,F,INDEX,,F,T,0,0
7/10/2026,10:08:05 AM,RUTW,ML/,50,21.87,,PUT,2885,0,109350,7/31/2026,WHITE,0,21,F,INDEX,,F,T,0,0
7/10/2026,10:08:13 AM,SPXW,ML/,136,112.6547,,PUT,7625,0,1532104,7/30/2026,WHITE,0,20,F,INDEX,,F,T,0,0
7/10/2026,10:08:12 AM,SPXW,ML/,136,128.8547,,PUT,7625,0,1752424,8/7/2026,WHITE,0,28,F,INDEX,,F,T,0,0
7/10/2026,10:07:54 AM,SPXW,ML/,50,7.7,,PUT,7380,0,38500,7/17/2026,WHITE,0,7,F,INDEX,,F,F,0,0
7/10/2026,10:18:25 AM,SPXW,BLOCK,250,0.55,,CALL,7900,0,13750,7/24/2026,WHITE,0,14,F,INDEX,,F,T,0,0
7/10/2026,10:14:27 AM,RUT,ML/,120,16.63,,PUT,2950,0,199560,7/17/2026,WHITE,0,7,F,INDEX,,F,F,0,0
7/10/2026,10:18:29 AM,VIX,ML/,1140,0.37,,CALL,40,0,42179,8/19/2026,WHITE,0,40,F,INDEX,,F,T,0,0
7/10/2026,10:05:03 AM,SPX,ML/,500,610.39,,CALL,7000,0,30519500,8/21/2026,WHITE,0,42,F,INDEX,,F,F,0,0
7/10/2026,10:05:03 AM,SPX,ML/,500,419.98,,PUT,8000,0,20999000,8/21/2026,WHITE,0,42,F,INDEX,,F,F,0,0
7/10/2026,10:06:05 AM,SPX,ML/,462,48.29,,CALL,7550,0,2230998,7/17/2026,WHITE,0,7,F,INDEX,,F,F,0,0
7/10/2026,10:06:33 AM,SPX,ML/,500,48.33,,CALL,7550,0,2416500,7/17/2026,WHITE,0,7,F,INDEX,,F,F,0,0
7/10/2026,10:07:54 AM,SPX,ML/,50,46.36,,CALL,7550,0,231800,7/17/2026,WHITE,0,7,F,INDEX,,F,F,0,0
7/10/2026,10:17:25 AM,SPX,ML/,500,46.4,,CALL,7550,0,2320000,7/17/2026,WHITE,0,7,F,INDEX,,F,F,0,0
7/10/2026,10:07:54 AM,SPXW,ML/,50,5.2,,PUT,7330,0,26000,7/17/2026,WHITE,0,7,F,INDEX,,F,F,0,0
7/10/2026,10:05:23 AM,SPX,ML/,500,26.21,,PUT,7000,0,1310500,8/21/2026,WHITE,0,42,F,INDEX,,F,F,0,0
7/10/2026,10:05:23 AM,SPX,ML/,500,8.91,,CALL,8000,0,445500,8/21/2026,WHITE,0,42,F,INDEX,,F,F,0,0
7/10/2026,10:16:29 AM,SPXW,ML/,98,70.4937,,PUT,7520,0,690838,7/31/2026,WHITE,0,21,F,INDEX,,F,T,0,0
7/10/2026,10:09:10 AM,SPXW,ML/,52,141.8188,,PUT,7575,0,737457,8/28/2026,WHITE,0,49,F,INDEX,,F,T,0,0
7/10/2026,10:22:25 AM,SPXW,ML/,1500,0.7,,PUT,7350,0,105000,7/13/2026,WHITE,0,3,F,INDEX,,F,T,0,0
7/10/2026,10:05:36 AM,SPX,ML/,60,635.0245,,CALL,7200,0,3810147,12/18/2026,WHITE,0,161,F,INDEX,,F,F,0,0
7/10/2026,10:09:10 AM,SPX,ML/,880,634.027,,CALL,7200,0,55794376,12/18/2026,WHITE,0,161,F,INDEX,,F,F,0,0
7/10/2026,10:09:32 AM,SPX,ML/,100,634.846,,CALL,7200,0,6348460,12/18/2026,WHITE,0,161,F,INDEX,,F,F,0,0
7/10/2026,10:05:36 AM,SPX,ML/,63,607.69,,CALL,7300,0,3828447,1/15/2027,WHITE,0,189,F,INDEX,,F,F,0,0
7/10/2026,10:09:10 AM,SPX,ML/,924,606.74,,CALL,7300,0,56062776,1/15/2027,WHITE,0,189,F,INDEX,,F,F,0,0
7/10/2026,10:09:32 AM,SPX,ML/,105,607.52,,CALL,7300,0,6378960,1/15/2027,WHITE,0,189,F,INDEX,,F,F,0,0
7/10/2026,10:09:39 AM,NDX,ML/,80,798.2224,,CALL,29100,0,6385779,7/17/2026,WHITE,0,7,F,INDEX,,F,F,0,0
7/10/2026,10:14:37 AM,NDX,ML/,50,783.847,,CALL,29100,0,3919235,7/17/2026,WHITE,0,7,F,INDEX,,F,F,0,0
7/10/2026,10:20:55 AM,NDX,ML/,70,748.2689,,CALL,29100,0,5237882,7/17/2026,WHITE,0,7,F,INDEX,,F,F,0,0
7/10/2026,10:05:59 AM,SPX,ML/,250,78.65,,PUT,7200,0,1966250,9/18/2026,WHITE,0,70,F,INDEX,,F,F,0,0
7/10/2026,10:05:59 AM,SPX,ML/,625,13.02,,PUT,6000,0,813750,9/18/2026,WHITE,0,70,F,INDEX,,F,F,0,0
7/10/2026,10:15:03 AM,SPXW,ML/,76,2.1461,,PUT,7435,0,16310,7/13/2026,WHITE,0,3,F,INDEX,,F,T,0,0
7/10/2026,10:18:45 AM,VIX,BLOCK,100,1.48,,CALL,16,0,14800,7/22/2026,WHITE,0,12,F,INDEX,,F,T,0,0
7/10/2026,10:14:08 AM,SPXW,ML/,439,66.28,,CALL,7650,0,2909692,8/7/2026,WHITE,0,28,F,INDEX,,F,T,0,0
7/10/2026,10:21:27 AM,SPXW,ML/,100,76.056,,CALL,7480,0,760560,7/13/2026,WHITE,0,3,F,INDEX,,F,T,0,0
7/10/2026,10:09:10 AM,SPXW,ML/,52,19.86,,PUT,7460,0,103272,7/20/2026,WHITE,0,10,F,INDEX,,F,T,0,0
7/10/2026,10:14:13 AM,RUTW,ML/,50,20,,PUT,2870,0,100000,7/31/2026,WHITE,0,21,F,INDEX,,F,T,0,0
7/10/2026,10:12:38 AM,SPXW,ML/,62,83.5858,,PUT,7560,0,518232,7/31/2026,WHITE,0,21,F,INDEX,,F,T,0,0
7/10/2026,10:07:54 AM,SPX,ML/,50,37.64,,PUT,7550,0,188200,7/17/2026,WHITE,0,7,F,INDEX,,F,F,0,0
7/10/2026,10:22:53 AM,SPXW,ML/,100,1.4,,PUT,7405,0,14000,7/13/2026,WHITE,0,3,F,INDEX,,F,T,0,0
7/10/2026,10:07:20 AM,SPXW,ML/,199,17.2618,,PUT,7500,0,343510,7/15/2026,WHITE,0,5,F,INDEX,,F,T,0,0
7/10/2026,10:07:21 AM,SPXW,ML/,116,17.2493,,PUT,7500,0,200092,7/15/2026,WHITE,0,5,F,INDEX,,F,T,0,0
7/10/2026,10:14:54 AM,SPXW,ML/,82,17.1239,,PUT,7500,0,140416,7/15/2026,WHITE,0,5,F,INDEX,,F,T,0,0
7/10/2026,10:22:47 AM,XSP,ML/,60,12.07,,PUT,750,0,72420,8/31/2026,WHITE,0,52,F,INDEX,,F,T,0,0
7/10/2026,10:07:20 AM,SPX,ML/,450,0.3,,CALL,7800,0,13500,7/17/2026,WHITE,0,7,F,INDEX,,F,F,0,0
7/10/2026,10:09:10 AM,SPXW,ML/,54,119.94,,PUT,7550,0,647676,8/21/2026,WHITE,0,42,F,INDEX,,F,F,0,0
7/10/2026,10:07:30 AM,SPX,ML/,75,10.14,,PUT,6500,0,76050,8/21/2026,WHITE,0,42,F,INDEX,,F,F,0,0
7/10/2026,10:08:01 AM,SPXW,ML/,80,139.2375,,CALL,7520,0,1113900,8/7/2026,WHITE,0,28,F,INDEX,,F,T,0,0
7/10/2026,10:10:38 AM,SPXW,ML/,52,141.41,,CALL,7520,0,735332,8/7/2026,WHITE,0,28,F,INDEX,,F,T,0,0
7/10/2026,10:08:02 AM,SPXW,ML/,80,112.5875,,CALL,7520,0,900700,7/30/2026,WHITE,0,20,F,INDEX,,F,T,0,0
7/10/2026,10:10:38 AM,SPXW,ML/,52,114.76,,CALL,7520,0,596752,7/30/2026,WHITE,0,20,F,INDEX,,F,T,0,0
7/10/2026,10:08:10 AM,SPX,BLOCK,50,3.3,,CALL,7680,0,16500,7/17/2026,WHITE,0,7,F,INDEX,,F,F,0,0
7/10/2026,10:08:11 AM,SPXW,ML/,75,2.8133,,CALL,7655,0,21100,7/15/2026,WHITE,0,5,F,INDEX,,F,T,0,0
7/10/2026,10:08:12 AM,SPXW,ML/,175,2.8257,,CALL,7655,0,49450,7/15/2026,WHITE,0,5,F,INDEX,,F,T,0,0
7/10/2026,10:08:11 AM,SPX,ML/,250,106.67,,CALL,7750,0,2666750,9/18/2026,WHITE,0,70,F,INDEX,,F,F,0,0
7/10/2026,10:08:11 AM,SPX,ML/,250,44.97,,CALL,8100,0,1124250,10/16/2026,WHITE,0,98,F,INDEX,,F,F,0,0
7/10/2026,10:10:16 AM,SPX,ML/,50,179.4754,,PUT,7595,0,897377,9/18/2026,WHITE,0,70,F,INDEX,,F,F,0,0
7/10/2026,10:21:27 AM,SPXW,ML/,100,53.768,,CALL,7505,0,537679,7/13/2026,WHITE,0,3,F,INDEX,,F,T,0,0
7/10/2026,10:08:49 AM,XSP,ML/,138,2.83,,PUT,722,0,39054,8/7/2026,WHITE,0,28,F,INDEX,,F,T,0,0
7/10/2026,10:08:49 AM,XSP,ML/,138,2.39,,PUT,717,0,32982,8/7/2026,WHITE,0,28,F,INDEX,,F,T,0,0
7/10/2026,10:19:01 AM,SPXW,ML/,120,20.92,,PUT,7250,0,251040,7/31/2026,WHITE,0,21,F,INDEX,,F,T,0,0
7/10/2026,10:10:16 AM,SPX,ML/,50,127.6664,,PUT,7575,0,638332,8/21/2026,WHITE,0,42,F,INDEX,,F,F,0,0
7/10/2026,10:09:39 AM,NDX,ML/,80,358.9447,,CALL,29700,0,2871558,7/17/2026,WHITE,0,7,F,INDEX,,F,F,0,0
7/10/2026,10:14:37 AM,NDX,ML/,50,351.982,,CALL,29700,0,1759910,7/17/2026,WHITE,0,7,F,INDEX,,F,F,0,0
7/10/2026,10:20:55 AM,NDX,ML/,80,327.146,,CALL,29700,0,2617168,7/17/2026,WHITE,0,7,F,INDEX,,F,F,0,0
7/10/2026,10:21:04 AM,SPX,ML/,66,12.49,,PUT,5350,0,82434,10/16/2026,WHITE,0,98,F,INDEX,,F,F,0,0
7/10/2026,10:09:51 AM,SPXW,ML/,1500,72.9,,CALL,7750,0,10935000,8/31/2026,WHITE,0,52,F,INDEX,,F,T,0,0
7/10/2026,10:09:51 AM,SPX,ML/,1500,104.55,,CALL,7875,0,15682500,10/16/2026,WHITE,0,98,F,INDEX,,F,F,0,0
7/10/2026,10:10:11 AM,SPXW,ML/,75,95.55,,CALL,7530,0,716625,7/28/2026,WHITE,0,18,F,INDEX,,F,T,0,0
7/10/2026,10:10:11 AM,SPXW,ML/,75,109.01,,CALL,7450,0,817575,7/13/2026,WHITE,0,3,F,INDEX,,F,T,0,0
7/10/2026,10:10:11 AM,SPXW,ML/,75,112.65,,CALL,7505,0,844875,7/28/2026,WHITE,0,18,F,INDEX,,F,T,0,0
7/10/2026,10:10:44 AM,RUTW,ML/,66,10.02,,PUT,2745,0,66132,8/7/2026,WHITE,0,28,F,INDEX,,F,T,0,0
7/10/2026,10:10:44 AM,RUTW,ML/,66,9.67,,PUT,2740,0,63822,8/7/2026,WHITE,0,28,F,INDEX,,F,T,0,0
7/10/2026,10:11:05 AM,SPXW,ML/,75,48.9,,PUT,7500,0,366749,7/28/2026,WHITE,0,18,F,INDEX,,F,T,0,0
7/10/2026,10:22:53 AM,SPXW,ML/,100,51.15,,PUT,7500,0,511500,7/28/2026,WHITE,0,18,F,INDEX,,F,T,0,0
7/10/2026,10:11:05 AM,SPXW,ML/,75,42.45,,PUT,7475,0,318375,7/28/2026,WHITE,0,18,F,INDEX,,F,T,0,0
7/10/2026,10:22:53 AM,SPXW,ML/,50,44.45,,PUT,7475,0,222250,7/28/2026,WHITE,0,18,F,INDEX,,F,T,0,0
7/10/2026,10:11:29 AM,SPXW,ML/,70,1105.87,,CALL,6450,0,7741089,7/14/2026,WHITE,0,4,F,INDEX,,F,T,0,0
7/10/2026,10:11:29 AM,SPXW,ML/,70,1105.17,,CALL,6450,0,7736190,7/13/2026,WHITE,0,3,F,INDEX,,F,T,0,0
7/10/2026,10:11:29 AM,SPXW,ML/,70,1055.02,,CALL,6500,0,7385139,7/13/2026,WHITE,0,3,F,INDEX,,F,T,0,0
7/10/2026,10:11:29 AM,SPXW,ML/,70,1055.77,,CALL,6500,0,7390389,7/14/2026,WHITE,0,4,F,INDEX,,F,T,0,0
7/10/2026,10:11:38 AM,SPX,BLOCK,106,149.1,,PUT,7385,0,1580459,10/16/2026,WHITE,0,98,F,INDEX,,F,F,0,0
7/10/2026,10:21:38 AM,SPXW,ML/,100,13.7,,PUT,7485,0,137000,7/15/2026,WHITE,0,5,F,INDEX,,F,T,0,0
7/10/2026,10:19:53 AM,RUTW,BLOCK,50,3.9,,PUT,2860,0,19500,7/17/2026,WHITE,0,7,F,INDEX,,F,F,0,0
7/10/2026,10:12:38 AM,SPXW,ML/,62,51.5535,,PUT,7560,0,319632,7/21/2026,WHITE,0,11,F,INDEX,,F,T,0,0
7/10/2026,10:12:13 AM,SPXW,ML/,62,582.86,,CALL,6975,0,3613732,7/13/2026,WHITE,0,3,F,INDEX,,F,T,0,0
7/10/2026,10:12:13 AM,SPXW,ML/,62,582.4,,CALL,6975,0,3610879,7/14/2026,WHITE,0,4,F,INDEX,,F,T,0,0
7/10/2026,10:12:13 AM,SPXW,ML/,62,634.77,,CALL,6920,0,3935574,7/14/2026,WHITE,0,4,F,INDEX,,F,T,0,0
7/10/2026,10:12:13 AM,SPXW,ML/,62,640.23,,CALL,6920,0,3969426,7/13/2026,WHITE,0,3,F,INDEX,,F,T,0,0
7/10/2026,10:12:14 AM,SPXW,BLOCK,50,4.1,,PUT,6000,0,20499,8/17/2026,WHITE,0,38,F,INDEX,,F,T,0,0
7/10/2026,10:12:21 AM,SPX,BLOCK,60,310.9,,PUT,7000,0,1865400,9/17/2027,WHITE,0,434,F,INDEX,,F,F,0,0
7/10/2026,10:12:30 AM,SPXW,ML/,80,1.32,,PUT,5900,0,10560,8/3/2026,WHITE,0,24,F,INDEX,,F,T,0,0
7/10/2026,10:12:30 AM,SPXW,ML/,160,2.927,,PUT,6150,0,46832,8/7/2026,WHITE,0,28,F,INDEX,,F,T,0,0
7/10/2026,10:12:30 AM,SPXW,ML/,80,4.1915,,PUT,6400,0,33532,8/7/2026,WHITE,0,28,F,INDEX,,F,T,0,0
7/10/2026,10:21:04 AM,SPX,ML/,60,50.106,,PUT,7250,0,300636,8/21/2026,WHITE,0,42,F,INDEX,,F,F,0,0
7/10/2026,10:22:56 AM,SPXW,ML/,76,48.44,,PUT,7515,0,368143,7/24/2026,WHITE,0,14,F,INDEX,,F,T,0,0
7/10/2026,10:15:31 AM,SPXW,ML/,200,5.77,,PUT,6875,0,115400,7/31/2026,WHITE,0,21,F,INDEX,,F,T,0,0
7/10/2026,10:18:52 AM,SPXW,ML/,86,5.7,,PUT,6875,0,49020,7/31/2026,WHITE,0,21,F,INDEX,,F,T,0,0
7/10/2026,10:15:31 AM,SPXW,ML/,200,5.03,,PUT,6825,0,100600,7/31/2026,WHITE,0,21,F,INDEX,,F,T,0,0
7/10/2026,10:18:52 AM,SPXW,ML/,86,5,,PUT,6825,0,43000,7/31/2026,WHITE,0,21,F,INDEX,,F,T,0,0
7/10/2026,10:14:27 AM,RUT,ML/,60,38.59,,PUT,3000,0,231540,7/17/2026,WHITE,0,7,F,INDEX,,F,F,0,0
7/10/2026,10:19:08 AM,SPX,BLOCK,68,6.3,,PUT,7370,0,42840,7/17/2026,WHITE,0,7,F,INDEX,,F,F,0,0
7/10/2026,10:15:02 AM,SPXW,ML/,50,109.21,,PUT,7550,0,546050,8/14/2026,WHITE,0,35,F,INDEX,,F,T,0,0
7/10/2026,10:15:02 AM,SPXW,ML/,50,134.01,,PUT,7550,0,670050,8/28/2026,WHITE,0,49,F,INDEX,,F,T,0,0
7/10/2026,10:19:33 AM,SPXW,ML/,200,32.44,,PUT,7350,0,648800,7/31/2026,WHITE,0,21,F,INDEX,,F,T,0,0
7/10/2026,10:19:43 AM,SPXW,ML/,200,32.44,,PUT,7350,0,648800,7/31/2026,WHITE,0,21,F,INDEX,,F,T,0,0
7/10/2026,10:22:24 AM,RUTW,ML/,57,28.06,,PUT,3000,0,159941,7/10/2026,WHITE,0,0,F,INDEX,,F,T,0,0
7/10/2026,10:19:33 AM,SPXW,ML/,200,15.53,,CALL,7775,0,310600,8/3/2026,WHITE,0,24,F,INDEX,,F,T,0,0
7/10/2026,10:19:43 AM,SPXW,ML/,200,15.53,,CALL,7775,0,310600,8/3/2026,WHITE,0,24,F,INDEX,,F,T,0,0
7/10/2026,10:16:26 AM,SPX,ML/,280,120.1,,PUT,7250,0,3362800,10/16/2026,WHITE,0,98,F,INDEX,,F,F,0,0
7/10/2026,10:16:29 AM,SPXW,ML/,98,70.9563,,PUT,7510,0,695371,8/3/2026,WHITE,0,24,F,INDEX,,F,T,0,0
7/10/2026,10:17:23 AM,SPX,ML/,122,121.16,,CALL,7600,0,1478152,8/21/2026,WHITE,0,42,F,INDEX,,F,F,0,0
7/10/2026,10:21:04 AM,SPX,ML/,60,11.89,,PUT,6590,0,71340,8/21/2026,WHITE,0,42,F,INDEX,,F,F,0,0
7/10/2026,10:17:41 AM,SPXW,ML/,4500,88.35,,PUT,6500,0,39757500,12/31/2026,WHITE,0,174,F,INDEX,,F,T,0,0
7/10/2026,10:17:41 AM,SPXW,ML/,4500,79.8,,PUT,6400,0,35910000,12/31/2026,WHITE,0,174,F,INDEX,,F,T,0,0
7/10/2026,10:18:29 AM,VIX,ML/,1250,0.28,,CALL,95,0,35000,10/21/2026,WHITE,0,103,F,INDEX,,F,T,0,0
7/10/2026,10:18:29 AM,VIX,ML/,1340,0.54,,CALL,60,0,72360,10/21/2026,WHITE,0,103,F,INDEX,,F,T,0,0
7/10/2026,10:22:25 AM,SPXW,ML/,1500,0.4,,PUT,7250,0,60000,7/13/2026,WHITE,0,3,F,INDEX,,F,T,0,0
7/10/2026,10:19:01 AM,SPXW,ML/,120,21.77,,PUT,7260,0,261239,7/31/2026,WHITE,0,21,F,INDEX,,F,T,0,0
7/10/2026,10:19:33 AM,SPXW,ML/,200,35.5,,PUT,7350,0,710000,8/3/2026,WHITE,0,24,F,INDEX,,F,T,0,0
7/10/2026,10:19:43 AM,SPXW,ML/,200,35.5,,PUT,7350,0,710000,8/3/2026,WHITE,0,24,F,INDEX,,F,T,0,0
7/10/2026,10:20:57 AM,SPX,ML/,74,6.75,,PUT,6220,0,49950,8/21/2026,WHITE,0,42,F,INDEX,,F,F,0,0
7/10/2026,10:21:41 AM,SPX,ML/,74,6.79,,PUT,6220,0,50246,8/21/2026,WHITE,0,42,F,INDEX,,F,F,0,0
7/10/2026,10:22:53 AM,SPX,ML/,74,6.83,,PUT,6220,0,50542,8/21/2026,WHITE,0,42,F,INDEX,,F,F,0,0
7/10/2026,10:21:04 AM,SPX,ML/,62,88.31,,PUT,7050,0,547522,10/16/2026,WHITE,0,98,F,INDEX,,F,F,0,0
7/10/2026,10:21:04 AM,SPX,ML/,66,3.7,,PUT,5740,0,24420,8/21/2026,WHITE,0,42,F,INDEX,,F,F,0,0
7/10/2026,10:21:04 AM,SPX,ML/,66,45.71,,PUT,6575,0,301686,10/16/2026,WHITE,0,98,F,INDEX,,F,F,0,0
7/10/2026,10:21:04 AM,SPX,ML/,62,24.91,,PUT,6975,0,154442,8/21/2026,WHITE,0,42,F,INDEX,,F,F,0,0
7/10/2026,10:21:04 AM,SPX,ML/,66,17.79,,PUT,6810,0,117413,8/21/2026,WHITE,0,42,F,INDEX,,F,F,0,0
7/10/2026,10:21:04 AM,SPX,ML/,62,22.09,,PUT,5950,0,136958,10/16/2026,WHITE,0,98,F,INDEX,,F,F,0,0
7/10/2026,10:21:04 AM,SPX,ML/,62,6.3,,PUT,6150,0,39060,8/21/2026,WHITE,0,42,F,INDEX,,F,F,0,0
7/10/2026,10:21:10 AM,SPX,BLOCK,57,4.6,,PUT,5900,0,26220,8/21/2026,WHITE,0,42,F,INDEX,,F,F,0,0
7/10/2026,10:21:27 AM,SPXW,ML/,100,79.756,,CALL,7550,0,797560,7/28/2026,WHITE,0,18,F,INDEX,,F,T,0,0
7/10/2026,10:21:27 AM,SPXW,ML/,100,95.494,,CALL,7525,0,954940,7/28/2026,WHITE,0,18,F,INDEX,,F,T,0,0
7/10/2026,10:21:47 AM,SPXW,ML/,50,9.2,,PUT,7420,0,45999,7/16/2026,WHITE,0,6,F,INDEX,,F,T,0,0
7/10/2026,10:22:24 AM,RUTW,ML/,57,41.66,,PUT,3000,0,237462,7/17/2026,WHITE,0,7,F,INDEX,,F,F,0,0
7/10/2026,10:22:47 AM,XSP,ML/,60,10.87,,PUT,746,0,65219,8/31/2026,WHITE,0,52,F,INDEX,,F,T,0,0
